Id;Brand;Model;Generation;Version;Length;Width;Height;Wheel Base;Petrol min cap;Petrol max cap;Petrol min hp;Petrol max hp;Avg weight;Price
1;alfa-romeo;147;none;none;422.3;172.9;144.2;254.6;1598;3179;105;250;1345;7629.3125
2;alfa-romeo;159;none;none;466.0;182.8;141.7;270.0;1742;3195;140;260;1530.0;16645.28125
3;alfa-romeo;giulietta;giulietta (tipo 940) (2010 - 2020);giulietta ii;435.1;179.8;146.5;263.4;1368;1742;105;241;1382.5;34468.6875
4;alfa-romeo;gt;none;none;448.9;176.3;136.2;259.6;1747;3179;140;240;1365.0;15358.84375
5;alfa-romeo;stelvio;none;none;468.7;190.3;166.6;281.8;1995;2891;200;510;1800.0;144953.34375
6;alfa-romeo;tonale;none;none;468.7;190.3;166.6;281.8;1995;2891;200;510;1800.0;184332.8125
7;audi;a1;type 8x - 2015 restyling (2015 - 2018);a1 2015 sportback;397.3;174.6;142.2;246.9;1395;1984;125;231;1297.5;47979.65625
8;audi;a1;type 8x - 2015 restyling (2015 - 2018);a1 2015;397.3;174.0;141.6;246.9;1395;1984;125;231;1272.5;47979.65625
9;audi;a1;type 8x (2010 - 2014);a1;395.4;174.0;141.6;246.9;1197;1984;86;256;1290.0;47979.65625
10;audi;a2;none;none;383.0;167.0;155.0;240.0;1390;1598;75;110;927.5;10055.78125
11;audi;a3;8p;none;421.4;176.5;142.1;257.8;1197;3189;102;250;1205;21133.9375
12;audi;a3;8v;none;423.7;177.7;142.1;260.1;1197;1984;102;300;1320.2;61821.78125
13;audi;a4; b7;none;458.6;177.2;142.7;264.8;1596;4163;102;420;1500;19896.03125
14;audi;a4;b5;none;448.0;173.0;142.0;262.0;1595;2771;101;265;1265;8826.5
15;audi;a4;b6;none;454.7;176.6;143.0;265.0;1595;4163;102;344;1500;12773.46875
16;audi;a4;b9;none;472.6;184.2;142.7;282.0;1395;2995;150;354;1500;120986.3125
17;audi;a4-allroad;none;none;472.1;184.1;149.5;280.5;1984;1984;211;211;1747.5;95571.8125
18;audi;a5;8t;a5 coupe 2020;469.2;184.6;136.8;276.5;1984;2894;150;450;1699.0;90305.75
19;audi;a5;f5;a5 cabriolet 2020;469.7;184.6;138.4;276.5;1984;2995;150;354;1835.5;91523.21875
20;audi;a5;f5;a5 sportback 2020;478.3;186.6;139.9;282.6;1984;2894;150;450;1734.0;90305.75
21;audi;a6;c4;none;479.7;178.3;142.0;268.7;1781;4172;101;326;1532.5;21326.764705882353
22;audi;a7;type 4g (2010 - 2018);a7 sportback 2015;497.4;191.1;142.0;291.4;1984;3993;252;605;1867.5;194162.875
23;audi;a7;type 4g (2010 - 2018);a7 sportback;496.9;191.1;142.0;291.4;2773;3993;204;560;1882.5;194162.875
24;audi;a7;type c8 - 2023 facelift (2023 - present);a7 sportback (c8 2023);496.9;190.8;142.2;292.6;1984;2995;265;340;1955.0;194162.875
25;audi;a7;type c8 (2018 - 2023);a7 sportback (c8);496.9;190.8;142.2;292.6;1984;3996;204;600;1971.5;258789.375
26;audi;a8;d4;a8 (d4);513.7;194.9;146.0;299.2;2995;4163;290;519;1970.0;108849.96875
27;audi;a8;d5;a8 l 2022 (d5);532.0;194.5;148.8;312.8;2995;3996;340;460;2243.5;291231.4375
28;audi;a8;d5;a8 2022 (d5);519.0;194.5;147.1;299.8;2995;3996;340;571;2218.5;291231.4375
29;audi;coupe;type b3 / b4 (1988 - 1996);coupe (b3/b4);440.0;172.0;138.0;255.0;1984;2771;113;230;1306.5;13653.9375
30;audi;q3;type f3 (2018 - present);q3 (f3);448.4;184.9;158.5;268.0;1498;2480;150;400;1684.0;87808.71875
31;audi;q3;type f3 (2018 - present);q3 sportback;450.0;184.3;155.6;268.0;1498;2480;150;400;1718.5;205640.0625
32;audi;q5;fy;q5 (fy 2021);468.2;189.3;163.5;282.4;1984;1984;204;265;1985.0;248460.375
33;audi;q5-sportback;none;none;468.9;189.3;163.3;282.4;1984;1984;204;265;1995.0;237542.8125
34;audi;q7;q7 ii (2015 - present);q7 2020;506.3;197.0;174.1;299.4;2995;3996;340;507;2359.0;261398.53125
35;audi;q8;none;none;498.6;199.5;170.5;299.5;2995;3996;340;600;2369.0;337434.78125
36;audi;r8;r8 1st gen (2005 - 2015);r8;443.1;190.4;125.2;265.0;4163;5204;420;560;1700.0;698796.75
37;audi;r8;r8 2nd gen (2015 - present);r8 spyder 2nd-gen;442.6;194.0;124.5;265.0;5204;5204;540;610;1782.5;698796.75
38;audi;r8;r8 2nd gen (2015 - present);r8 2nd gen;442.0;194.0;124.0;265.0;5204;5204;540;610;1662.0;698796.75
39;audi;r8;r8 2nd gen 2019 facelift (2019 - present);r8 spyder 2019;442.9;194.0;124.2;265.0;5204;5204;570;620;1825.5;698796.75
40;audi;r8;r8 2nd gen 2019 facelift (2019 - present);r8 coupe 2019;442.6;194.0;124.0;265.0;5204;5204;570;620;1704.5;698796.75
41;audi;rs4;none;none;458.6;177.2;142.7;264.8;1596;4163;102;420;1510.0;341556.4827586207
42;audi;rs6;none;none;492.6;187.4;146.1;291.2;1984;3993;179;560;1805.0;392036.875
43;audi;rs-q8;none;none;498.6;199.5;170.5;299.5;2995;3996;340;600;2369.0;642175.0
44;audi;s3;8p;none;421.4;176.5;142.1;257.8;1197;3189;102;265;1205;50914.17857142857
45;audi;s5;none;none;462.6;185.4;137.2;275.1;1798;4163;160;450;1647.5;93262.46875
46;audi;s6;c5;none;485.0;185.0;143.0;276.0;1781;4172;125;450;1500.0;33216.666666666664
47;audi;s7;c7;none;496.9;191.1;142.0;291.4;2773;3993;204;560;1882.5;262902.125
48;audi;tt;8s;tt (8s) roadster;417.7;183.2;135.3;250.5;1798;2480;179;400;1410.0;108724.53125
49;bentley;continental-gt;none;none;480.4;196.5;139.0;274.5;5998;5998;560;610;2350.0;507012.375
50;bmw;3gt;f34;none;482.4;182.8;150.8;292.0;1997;2979;184;306;1717.5;74920.8125
51;bmw;6gt;none;none;509.1;190.2;153.8;307.0;1998;2998;258;340;1911.5;181798.25
52;bmw;m2;none;none;446.8;185.4;141.0;269.3;2979;2979;370;450;1602.0;301147.09375
53;bmw;m3;none;none;470.9;182.7;144.2;285.1;1998;2998;156;510;1717.0;274996.875
54;bmw;m6;none;none;489.8;189.9;136.8;285.1;2979;4395;320;601;1975.0;176710.90322580645
55;bmw;seria-2;f22 / f23 / f45 / f46 / f87 (2014 - 2017);f87 m2;446.8;185.4;141.0;269.3;2979;2979;370;370;1582.5;95274.28125
56;bmw;seria-2;f22 / f23 / f45 / f46 / f87 (2014 - 2017);f46 2 series gran tourer;455.6;180.0;160.8;278.0;1499;1998;136;192;1555.0;95274.28125
57;bmw;seria-2;f22 / f23 / f45 / f46 / f87 (2014 - 2017);f45 2 series active tourer;434.2;180.0;155.5;267.0;1499;1998;136;231;1565.0;95274.28125
58;bmw;seria-2;f22 / f23 / f45 / f46 / f87 (2014 - 2017);f23 2 series cabrio;443.2;177.4;141.3;269.0;1499;2998;136;340;1662.5;95274.28125
59;bmw;seria-2;f22 / f23 / f45 / f46 / f87 lci (2017 - 2021);f45 lci 2 series active tourer;435.4;180.0;155.5;267.0;1499;1998;109;231;1480.0;95274.28125
60;bmw;seria-2;f44 / g42 / u06 (2020 - present);g42 2 series coupe;453.7;183.8;139.0;274.1;1998;2998;184;374;1674.0;95274.28125
61;bmw;seria-2;f44 / g42 / u06 (2020 - present);g87 m2 coupe;458.0;188.7;140.3;274.7;2993;2993;460;460;1787.5;301147.09375
62;bmw;seria-3;e90 (2005 - 2010);e90 3 series;452.0;181.7;142.1;276.0;1995;2996;129;306;1580.0;32321.8125
63;bmw;seria-3;e90 lci - 2009 update (2008 - 2014);e93 3 series cabrio lci;461.2;178.2;138.4;276.0;1995;3999;143;420;1787.5;32321.8125
64;bmw;seria-3;e90 lci - 2009 update (2008 - 2014);e92 3 series coupe lci;461.2;178.2;139.5;276.0;1995;3999;143;420;1575.0;32321.8125
65;bmw;seria-3;e90 lci - 2009 update (2008 - 2014);e90 3 series lci;453.1;181.7;142.1;276.0;1995;3999;143;420;1585.0;32321.8125
66;bmw;seria-3;f30 (2012 - 2015);f34 3 series gt gran turismo;482.4;182.8;150.8;292.0;1997;2979;184;306;1717.5;77114.78125
67;bmw;seria-3;f30 (2012 - 2015);f31 3 series touring;462.4;181.1;142.9;281.0;1598;2979;136;306;1652.5;69668.71875
68;bmw;seria-3;f30 lci (2015 - 2019);f31 3 series touring lci;463.3;181.1;142.9;281.0;1499;2998;136;326;1657.5;69668.71875
69;bmw;seria-3;f30 lci (2015 - 2019);f30 3 series sedan lci;463.3;181.1;142.9;281.0;1499;2998;136;326;1605.0;69668.71875
70;bmw;seria-3;g20 (2019 - 2022);g21 3 series touring;471.3;182.7;144.0;285.1;1998;2998;156;374;1804.5;153293.75
71;bmw;seria-3;g20 (2019 - 2022);g20 3 series;470.9;182.7;144.2;285.1;1998;2998;156;510;1717.0;153293.75
72;bmw;seria-3;g20 lci - 2023 update (2022 - present);g21 3 series touring lci;471.4;182.7;144.0;285.1;1998;2998;156;374;1760.0;153293.75
73;bmw;seria-3;g20 lci - 2023 update (2022 - present);g20 3 series sedan lci;471.4;182.7;144.0;285.1;1998;2998;156;374;1687.5;153293.75
74;bmw;seria-4;f3x (2013 - 2017);f32 4 series coupe;463.8;182.5;137.7;281.0;1997;2998;184;500;1602.5;119137.15625
75;bmw;seria-4;f3x lci (2017 - 2021);f33 lci 4 series cabrio;464.0;182.5;138.4;281.0;1998;2998;184;326;1850.0;219586.84375
76;bmw;seria-4;f3x lci (2017 - 2021);f32 lci 4 series coupe;464.0;182.5;137.7;281.0;1998;2998;184;460;1625.0;119137.15625
77;bmw;seria-4;g2x (2020 - 2024);g26 4 series gran coupe;478.3;185.2;144.2;285.6;1998;2998;184;374;1804.0;119137.15625
78;bmw;seria-4;g2x (2020 - 2024);g22 4 series coupe;476.8;185.2;138.3;285.1;1998;2998;184;510;1765.5;119137.15625
79;bmw;seria-4;g2x / g8x lci (2024 - present);g82 m4 coupe lci;480.1;188.7;139.7;285.7;2993;2993;480;530;1812.5;303251.75
80;bmw;seria-4;g2x / g8x lci (2024 - present);g22 4 series coupe lci;476.8;185.2;138.3;285.1;1998;2998;184;374;1747.5;119137.15625
81;bmw;seria-5;f10 (2010 - 2013);f07 5 series gt gran turismo;499.8;190.1;155.9;307.0;2979;4395;306;449;2082.5;64244.625
82;bmw;seria-5;f10 (2010 - 2013);f10 5 series sedan;489.9;186.0;146.4;296.8;1997;4395;184;560;1822.5;60911.78125
83;bmw;seria-5;f10 lci (2013 - 2017);f07 5 series gt gran turismo lci;500.4;190.1;155.9;307.0;2979;4395;306;449;2102.5;64244.625
84;bmw;seria-5;f10 lci (2013 - 2017);f10 5 series sedan lci;490.7;186.0;146.4;296.8;1997;4395;184;600;1812.5;52774.34375
85;bmw;seria-5;g30 (2016 - 2020);g31 5 series touring;494.3;186.8;149.8;297.5;1998;2998;184;340;1817.5;147198.375
86;bmw;seria-5;g30 (2016 - 2020);g30 5 series sedan;493.6;186.8;147.9;297.5;1998;4395;184;600;2212.5;147198.375
87;bmw;seria-5;g30 lci (2020 - present);g31 5 series touring lci;496.3;186.8;149.8;297.5;1998;2998;184;333;1922.5;147198.375
88;bmw;seria-5;g30 lci (2020 - present);g30 5 series sedan lci;496.3;186.8;147.9;297.5;1998;4395;184;635;1856.0;147198.375
89;bmw;seria-7;e65 (2001 - 2008);e66 7 series long;518.0;190.0;148.0;313.0;2979;5972;231;445;1982.5;32809.34375
90;bmw;seria-7;e65 (2001 - 2008);e65 7 series;503.0;190.0;149.0;299.0;2979;5972;231;445;1935.0;32809.34375
91;bmw;seria-7;f01 (2008 - 2015);f02 7 series lci;521.9;190.2;148.1;321.0;2979;5972;320;544;2085.0;74796.78125
92;bmw;seria-7;f01 (2008 - 2015);f01 7 series lci;507.9;190.2;147.1;307.0;2979;5972;320;544;2040.0;74796.78125
93;bmw;seria-7;f01 (2008 - 2015);f01 7 series;507.2;190.2;147.9;307.0;2979;5972;326;544;2092.5;74796.78125
94;bmw;seria-7;g11 (2015 - 2018);g12 7 series long;523.8;190.2;148.5;321.0;1998;6592;258;609;2012.5;207566.125
95;bmw;seria-7;g11 (2015 - 2018);g11 7 series;509.8;190.2;147.8;307.0;2998;4395;326;449;1872.5;207566.125
96;bmw;seria-7;g11 lci (2019 - 2022);g12 lci 7 series long;526.0;190.2;147.9;321.0;2998;6592;340;585;2112.5;207566.125
97;chevrolet;1500;none;none;548.3;203.2;188.4;364.5;4301;4301;288;289;3175.0;33000.0
98;chevrolet;aveo;aveo 1 (2002 - 2011);aveo t200;431.0;171.0;150.0;248.0;1206;1399;84;101;1091.0;14594.90625
99;chevrolet;aveo;aveo 2 (2011 - present);aveo t300;439.9;173.5;151.7;252.5;1229;1598;69;116;1205.0;14594.90625
100;chevrolet;camaro;camaro 2 (1970 - 1981);camaro 2nd-gen 1979;501.9;189.2;125.0;274.3;3751;5733;112;192;1567.0;123506.21875
101;chevrolet;camaro;camaro 2 (1970 - 1981);camaro 2nd-gen 1976;496.3;189.0;125.0;274.3;4093;5733;112;172;1609.0;123506.21875
102;chevrolet;camaro;camaro 2 (1970 - 1981);camaro 2nd-gen 1975;496.3;189.0;124.7;274.3;4093;5733;106;167;1637.0;123506.21875
103;chevrolet;camaro;camaro 2 (1970 - 1981);camaro 2nd-gen 1974;496.3;189.0;124.7;274.3;4093;5733;107;157;1632.5;123506.21875
104;chevrolet;camaro;camaro 2 (1970 - 1981);camaro 2nd-gen 1973;496.3;189.0;124.7;274.3;4093;5733;101;248;1626.0;123506.21875
105;chevrolet;camaro;camaro 2 (1970 - 1981);camaro 2nd-gen 1971;477.5;189.0;124.7;274.3;4093;6590;112;258;1548.5;123506.21875
106;chevrolet;camaro;camaro 2 (1970 - 1981);camaro 2nd-gen;477.5;189.0;127.3;274.3;4093;6590;112;380;1546.0;123506.21875
107;chevrolet;camaro;camaro 5 (2010 - 2015);camaro v;483.7;191.7;137.9;285.2;3564;6162;315;432;1878.5;123506.21875
108;chevrolet;camaro;camaro 6 (2016 - present);camaro 6 convertible;478.4;189.7;134.0;281.2;1998;6162;275;453;1836.0;123506.21875
109;chevrolet;camaro;camaro 6 (2016 - present);camaro 6;478.4;189.7;134.0;281.2;1998;6162;275;453;1721.0;123506.21875
110;chevrolet;corvette;corvette c5 (1997 - 2004);corvette c5;456.0;187.0;121.0;266.0;5666;5666;344;411;1440.5;155848.15625
111;chevrolet;corvette;corvette c6 (2005 - 2013);corvette c6;443.5;184.4;124.6;268.6;5967;7011;404;647;1508.0;155848.15625
112;chevrolet;corvette;corvette c7 (2014 - present);corvette c7;449.5;187.7;123.5;271.0;6162;6162;455;634;1719.0;155848.15625
113;chrysler;200;none;none;486.9;184.2;148.3;276.6;2360;3605;175;287;1575.5;49389.40740740741
114;chrysler;gs;300c i (2003 - 2010);300c touring;501.5;188.0;147.5;305.0;2736;6059;193;431;1951.0;38690.5625
115;chrysler;gs;300c i (2003 - 2010);300c;501.5;188.0;147.5;305.0;2736;6059;193;431;1886.5;38690.5625
116;chrysler;pacifica;none;none;518.9;202.2;177.7;308.9;3604;3604;291;291;2162.0;118735.0625
117;chrysler;pt-cruiser;none;none;428.8;170.4;160.1;261.6;1996;1996;140;140;1500.0;7711.5625
118;chrysler;town-&-country;none;none;428.8;170.4;160.1;261.6;1996;1996;140;140;1500.0;49746.75
119;chrysler;voyager;iii;;473.3;195.0;182.0;287.8;1996;3778;133;166;1815.0;34555.0
120;citroen;berlingo;berlingo 3 (2018 - present);berlingo iii van;440.3;184.8;179.6;278.5;1199;1199;110;110;1598.5;77853.71875
121;citroen;berlingo;berlingo 3 (2018 - present);berlingo iii mpv;440.3;184.8;180.0;278.5;1199;1199;110;130;1553.5;77853.71875
122;citroen;c1;i;none;343.5;163.0;146.5;234.0;998;998;68;68;867.5;18643.84375
123;citroen;c2;none;none;366.6;165.9;146.1;231.5;1124;1587;60;125;1022.5;8064.5625
124;citroen;c3;c3 1 (2002 - 2009);c3;385.0;166.7;151.9;246.0;1124;1587;61;110;1135.0;9132.75
125;citroen;c3;c3 3th gen. - 2020 facelift (2020 - present);c3 2020;399.6;174.9;147.4;254.0;1199;1199;83;110;1114.0;39841.21875
126;citroen;c3;c3 3th gen. (2016 - present);c3 iii;399.6;174.9;147.4;254.0;1199;1199;68;110;1110.0;48884.96875
127;citroen;c3-aircross;c3 aircross - 2018 new model (2017 - 2021);c3 aircross 2018;415.4;174.0;159.7;260.4;1199;1199;82;130;1201.0;66325.15625
128;citroen;c3-aircross;c3 aircross - 2022 facelift (2021 - present);c3 aircross 2022;415.4;174.0;159.7;260.4;1199;1199;110;130;1298.5;66325.15625
129;citroen;c3-picasso;none;none;410.1;176.6;167.0;254.0;1199;1598;95;120;1337.0;21510.84375
130;citroen;c4-aircross;none;none;434.1;179.9;162.5;267.0;1590;1590;116;117;1475.0;38690.25
131;citroen;c4-cactus;phase 2 (2018 - present);c4 cactus phase 2;417.0;171.4;148.0;259.5;1199;1199;110;130;1132.0;39912.46875
132;citroen;c4-grand-picasso;c4 picasso 2 (2013 - 2018);grand c4 picasso 2017;460.2;182.6;163.8;284.0;1199;1598;131;165;1461.5;45596.84375
133;citroen;c4-grand-picasso;c4 picasso 2 (2013 - 2018);grand c4 picasso 2;459.7;182.6;163.8;284.0;1199;1598;120;165;1452.0;45596.84375
134;citroen;c4-grand-picasso;c4 picasso 2 (2013 - 2018);c4 picasso 2017;443.8;182.6;161.0;278.5;1199;1598;110;165;1432.5;45596.84375
135;citroen;c4-grand-picasso;i;grand c4 picasso 2;459.7;182.6;163.8;284.0;1199;1598;120;165;1452.0;45596.84375
136;citroen;c4-picasso;c4 picasso 2 (2013 - 2018);grand c4 picasso 2;442.8;182.6;161.3;278.5;1199;1598;120;165;1418.5;40494.0
137;citroen;c4-picasso;c4 picasso 2 (2013 - 2018);c4 picasso 2017;443.8;182.6;161.0;278.5;1199;1598;110;165;1432.5;40494.0
138;citroen;c4-picasso;c4 picasso 2 (2013 - 2018);c4 picasso 2;442.8;182.6;161.3;278.5;1199;1598;120;165;1418.5;40494.0
139;citroen;c4-picasso;i;grand c4 picasso 2;459.7;182.6;163.8;284.0;1199;1598;120;165;1452.0;40494.0
140;citroen;c4-picasso;i;c4 picasso 2;442.8;182.6;161.3;278.5;1199;1598;120;165;1418.5;40494.0
141;citroen;c4-picasso;i;c4 picasso 2017;443.8;182.6;161.0;278.5;1199;1598;110;165;1432.5;27981.46875
142;citroen;c4x;c4 x - 2022 new model (2022 - present);c4 x;460.0;183.4;152.5;267.0;1199;1199;101;131;1479.5;129242.78125
143;citroen;c5;c5 1 (2000 - 2007);c5;474.5;178.0;147.6;275.0;1749;2946;117;207;1434.5;20693.09375
144;citroen;c5;c5 2 (2008 - 2017);c5 ii crosstourer;482.9;186.0;149.1;281.5;0;0;0;0;1690.0;20693.09375
145;citroen;c5;c5 2 (2008 - 2017);c5 ii;477.9;186.0;145.8;281.5;1598;2946;125;211;1693.5;20693.09375
146;citroen;c5-aircross;none;none;450.0;186.0;168.9;273.0;1199;1199;131;136;1757.5;91881.71875
147;citroen;c8;c8 (2002 - 2014);c8 phase ii;472.6;185.4;185.6;282.3;1997;1997;140;140;1840.5;13834.25
148;citroen;c-crosser;none;none;464.5;180.5;171.5;267.2;2360;2360;170;170;1780.0;26144.516129032258
149;citroen;ds4;none;none;427.5;181.0;152.6;261.2;1199;1598;120;200;1387.5;35668.03125
150;citroen;ds5;none;none;453.0;185.0;150.8;272.7;1598;1598;156;200;1652.5;41096.84375
151;citroen;jumper;jumper 2 - 2012 facelift (2012 - 2014);jumper combi;496.3;205.0;225.4;300.0;0;0;0;0;2192.5;37322.65625
152;citroen;xsara-picasso;none;none;427.6;175.1;163.7;276.0;1587;1997;90;136;1312.5;7637.03125
153;cupra;leon;none;none;439.8;179.9;146.7;268.4;1498;1984;150;190;1518.0;160035.96875
154;cupra;leon-sportstourer;none;none;465.7;179.9;146.3;268.1;1984;1984;150;190;1564.0;173373.4375
155;dacia;duster;i;duster 1 phase 1;431.5;182.2;169.5;267.3;1598;1598;105;105;1302.0;55250.625
156;dacia;duster;i;duster 1 phase 1;431.5;182.2;169.5;267.3;1598;1598;105;105;1302.0;55250.625
157;dacia;duster;ii;duster 2 phase 1;434.1;180.4;169.3;267.4;999;1330;92;150;1306.5;55250.625
158;dacia;jogger;none;none;454.7;178.4;163.2;289.7;999;999;110;110;1282.0;85358.28125
159;dacia;lodgy;lodgy i (2012 - present);lodgy stepway;452.1;176.7;168.3;300.0;1199;1598;82;130;1295.0;33921.4375
160;dacia;lodgy;lodgy i (2012 - present);lodgy;449.8;175.1;168.3;281.0;1197;1598;82;130;1251.0;33921.4375
161;dacia;logan;i;none;425.0;174.2;152.5;263.0;1390;1598;75;105;1082.5;25171.75
162;dacia;sandero;i;none;402.0;175.0;152.8;258.9;1149;1598;75;87;1133.0;35688.1875
163;daihatsu;sirion;none;none;368.0;160.0;145.0;234.0;989;1298;55;102;817.5;10852.65625
164;dodge;caliber;none;none;441.5;180.0;153.5;263.5;1789;1998;150;156;1347.5;17368.34375
165;dodge;charger;charger 1st gen. (b-body / cw2p-29) - 1967 update (1966 - 1967);charger 1967;517.1;191.3;136.7;297.2;5210;7206;233;431;1753.5;145554.5
166;dodge;charger;charger 2nd gen. (b-body) - 1968 new model (1967 - 1968);charger r/t (xs29) 1968;528.3;194.6;134.6;297.2;6974;7206;380;431;1750.0;145554.5
167;dodge;charger;charger 2nd gen. (b-body) - 1970 update (1969 - 1970);charger 500 (xp29) 1970;529.6;194.6;134.6;297.2;3682;6277;147;335;1637.5;145554.5
168;dodge;charger;charger 2nd gen. (b-body) - 1970 update (1969 - 1970);charger (xh29) 1970;529.6;194.6;134.6;297.2;3682;6277;147;335;1622.5;145554.5
169;dodge;charger;charger ld - 2015 facelift (2015 - present);charger 2015;504.0;190.5;147.9;305.2;3604;6417;296;808;1937.5;145554.5
170;dodge;charger;charger ld (2011 - present);charger (ld) ii;507.7;190.5;148.3;305.3;3605;5654;296;375;1907.5;145554.5
171;dodge;charger;charger lx (2006 - 2010);charger (lx) i;508.3;189.2;147.8;304.8;2736;6059;193;431;1791.5;145554.5
172;dodge;durango;none;none;510.1;192.4;178.2;304.2;3604;6417;297;720;2387.0;140993.6875
173;dodge;journey;none;none;488.8;187.8;169.1;289.0;2360;2736;175;188;1882.5;44452.28125
174;ds-automobiles;ds-3-crossback;none;none;411.8;179.1;153.4;255.8;1199;1199;100;155;1411.0;100883.80645161291
175;ds-automobiles;ds-4;ds 4 ii - 2022 new model (2021 - present);ds4 cross;440.0;183.0;147.0;267.5;1199;1199;130;130;1452.5;93320.28125
176;ds-automobiles;ds-4;ds 4 ii - 2022 new model (2021 - present);ds 4 2022;440.0;186.6;147.0;267.5;1199;1598;130;180;1583.0;93320.28125
177;ds-automobiles;ds-4;ds4 - 2016 update (2015 - 2018);ds4;428.4;181.0;149.7;261.2;1199;1598;131;211;1412.5;93320.28125
178;ds-automobiles;ds-5;none;none;453.0;185.0;150.8;272.7;1598;1598;156;200;1652.5;49837.48275862069
179;ds-automobiles;ds-7-crossback;none;none;457.3;190.6;162.5;273.8;1199;1598;130;225;1661.5;118789.59375
180;fiat;500;500 - 2021 new model (2021 - present);none;363.2;168.3;152.7;232.2;999;999;70;70;1230.0;76081.25
181;fiat;500;500 (2007 - present);500c;354.6;162.7;148.8;230.0;875;1368;69;105;921;40194.5
182;fiat;500;500 (2007 - present);none;357.1;162.7;148.8;230.0;875;1242;69;85;995.5;40194.5
183;fiat;500;500 (2007 - present);500;354.6;162.7;148.8;230.0;875;1368;69;105;921;40194.5
184;fiat;500l;500l 2014 (2013 - 2017);500l trekking;427.0;180.0;167.9;261.2;875;1368;95;105;1385.0;36890.3125
185;fiat;500l;500l 2014 (2013 - 2017);500l living;435.2;178.4;166.7;261.2;0;0;0;0;1445.0;36890.3125
186;fiat;500l;500l 2014 (2013 - 2017);500l;414.7;178.4;166.5;261.2;875;1368;95;105;1355.0;36890.3125
187;fiat;500l;500l 2018 (2017 - present);500l wagon;437.5;178.4;166.7;261.2;0;0;0;0;1450.0;36890.3125
188;fiat;500l;500l 2018 (2017 - present);500l urban;424.2;178.4;165.8;261.2;875;1368;95;105;1392.5;36890.3125
189;fiat;500x;500x 2015 (2014 - 2018);500x;424.8;179.6;160.0;257.0;1368;1598;110;170;1422.5;52740.59375
190;fiat;500x;500x 2019 facelift (2019 - 2022);500x cross 2019;426.9;179.6;160.3;257.0;999;1332;120;150;1413.5;52740.59375
191;fiat;500x;500x 2019 facelift (2019 - 2022);500x 2019;426.4;179.6;159.5;257.0;999;1332;115;150;1413.5;52740.59375
192;fiat;bravo;bravo 2 (2007 - 2014);bravo 2;433.6;179.2;149.8;260.0;1368;1368;90;140;1300;15777.75
193;fiat;bravo;bravo 2 (2007 - 2014);bravo 2;433.6;179.2;149.8;260.0;1368;1368;90;140;1300;15777.75
194;fiat;coupe;none;none;425.0;176.6;134.0;254.0;1747;1998;130;220;1250.0;15025.0
195;fiat;ducato;iii;none;496.3;205.0;225.4;300.0;0;0;0;0;2115.5;65830.90625
196;fiat;freemont;none;none;492.4;187.8;170.5;289.0;0;0;0;0;2014.5;58321.78125
197;fiat;panda;panda 1 - 1991 update (1991 - 2003);panda 1991 facelift;340.8;149.4;142.0;215.9;770;1108;34;54;722.5;16016.8125
198;fiat;panda;panda 2 (2003 - 2012);panda classic;353.8;157.8;154.0;229.9;1242;1242;69;69;1042.5;10429.3125
199;fiat;panda;panda 3 - 2021 facelift (2021 - present);panda cross 2021;368.6;166.2;163.5;230.0;875;875;85;85;1104.0;66398.76470588235
200;fiat;punto;punto 1 (1993 - 1999);punto 1;376.0;162.5;145.0;245.0;1108;1372;54;136;916.0;4768.181818181818
201;fiat;punto;punto 1 (1993 - 1999);punto cabrio;376.0;162.5;145.0;245.0;1108;1372;54;136;916.0;13294.3125
202;fiat;punto;punto 2 (1999 - 2010);punto 2b;384.0;166.0;148.0;246.0;1242;1242;60;60;912.5;4432.375
203;fiat;punto;punto 2 (1999 - 2010);punto 2;380.0;166.0;148.0;246.0;1242;1747;60;131;1070.0;4432.375
204;fiat;punto-evo;punto 1 (1993 - 1999);punto cabrio;376.0;162.5;145.0;245.0;1242;1581;60;90;986.5;13294.3125
205;fiat;punto-evo;punto 1 (1993 - 1999);punto 1;376.0;162.5;145.0;245.0;1108;1372;54;136;916.0;13294.3125
206;fiat;punto-evo;punto 2 (1999 - 2010);punto 2b;380.0;166.0;148.0;246.0;1242;1747;60;131;1070.0;16023.0
207;fiat;punto-evo;punto 2 (1999 - 2010);punto 2;380.0;166.0;148.0;246.0;1242;1747;60;131;1070.0;13294.3125
208;fiat;punto-evo;punto 3 (2005 - present);punto evo;406.5;168.7;149.0;251.0;1242;1368;65;135;1185.0;16023.0
209;fiat;qubo;none;none;395.7;171.6;173.5;251.3;1368;1368;77;77;1340.0;22729.5
210;fiat;sedici;none;none;411.5;175.5;162.0;250.0;1586;1586;107;120;1335.0;21996.71875
211;fiat;stilo;none;none;425.3;175.6;152.5;260.0;1242;1598;80;105;1215.0;5593.09375
212;fiat;talento;nuovo talento 2016 (2016 - present);talento van;499.9;195.6;197.1;309.8;0;0;0;0;1886.0;94250.875
213;fiat;talento;nuovo talento 2016 (2016 - present);talento combi;499.9;195.6;197.1;309.8;0;0;0;0;2070.5;94250.875
214;fiat;tipo;tipo 2 - 2020 facelift (2020 - present);tipo 2020;438.6;180.2;155.6;263.8;999;999;100;100;1421.0;53996.875
215;fiat;tipo;tipo 2 (2015 - 2020);tipo 5-door;436.8;179.2;149.5;263.8;1368;1368;95;120;1407.5;53996.875
216;fiat;tipo;tipo 2 (2015 - 2020);tipo 2016;453.2;179.2;149.7;263.6;1368;1598;95;110;1360.0;53996.875
217;ford;b-max;none;none;407.7;175.1;160.4;248.9;999;1596;90;140;1295.5;29456.65625
218;ford;c-max;c max 2 (2010 - 2019);c max ii 2015;437.9;182.8;161.0;264.8;999;1499;125;150;1453.5;36265.5
219;ford;c-max;c max 2 (2010 - 2019);c max ii;438.0;182.8;162.6;264.8;999;1596;100;150;1462.0;36265.5
220;ford;edge;edge 2 (2015 - present);edge 2019;483.4;192.8;173.2;284.8;0;0;0;0;2067.5;97424.65625
221;ford;escape;escape 4 - 2020 new model (2020 - present);escape 2020;458.5;188.2;167.9;271.0;1497;2485;162;254;1629.0;57940.53125
222;ford;explorer;none;none;504.9;200.4;177.8;302.5;0;0;0;0;2542.5;94255.625
223;ford;focus;mk1;1998;417.0;170.0;143.0;262.0;1388;1989;75;130;1196.0;4551.1875
224;ford;gt;none;none;402.6;177.8;102.9;241.3;4195;4727;340;385;887.0;99666.33333333333
225;ford;ka+;ka 2 (2009 - 2016);ka ii;362.0;165.8;150.5;230.0;1242;1242;69;69;997.5;14970.6875
226;ford;maverick;maverick (1993 - 1999);maverick lwb;458.0;174.0;181.0;265.0;2389;2389;118;124;1785.0;47985.11111111111
227;ford;mondeo;mk3;2000;473.1;181.2;142.9;275.4;1798;2967;110;226;1407.0;7283.6875
228;ford;mustang;mustang 1 (1964 - 1973);mustang (my 69);476.3;182.2;128.3;274.3;3273;5766;122;294;1470.0;118634.3125
229;ford;mustang;mustang 1 (1964 - 1973);mustang (my 67);466.3;180.1;131.1;274.3;3275;7010;117;406;1465.5;118634.3125
230;ford;mustang;mustang 4 (1994 - 2004);mustang iv;461.0;182.0;134.0;257.0;3797;4942;147;218;1478.0;118634.3125
231;ford;mustang;mustang 5 (2005 - 2014);mustang 5;477.8;187.7;140.0;272.0;3726;4951;213;507;1684.4;118634.3125
232;ford;mustang;mustang 6 (2015 - present);mustang 6 2018 convertible;478.9;191.5;139.6;272.0;2253;4949;290;450;1860.0;118634.3125
233;ford;ranger;ranger (t6) (2010 - 2016);ranger (t6);535.9;185.0;181.5;322.0;0;0;0;0;2019.0;133950.9375
234;ford;ranger;ranger 1st. gen (2002 - 2007);ranger 2003;501.2;175.0;175.0;300.0;0;0;0;0;1790.0;133950.9375
235;ford;ranger;ranger 2016 (2016 - 2022);ranger 2016;536.2;186.0;181.5;322.0;0;0;0;0;2309.0;133950.9375
236;ford;ranger;ranger 2nd. gen (2006 - 2011);ranger 2007;507.5;180.5;176.0;300.0;0;0;0;0;1882.5;133950.9375
237;ford;s-max;s max 2 (2015 - present);s-max 2015;479.6;191.6;165.5;284.9;1498;1999;159;241;1727.0;75071.6875
238;ford;tourneo-connect;tourneo connect 1 (2003 - 2013);tourneo connect;452.0;180.0;198.0;291.0;1796;1796;115;115;1475.0;29863.0
239;ford;tourneo-connect;tourneo connect 2 (2013 - present);tourneo connect 2013;441.8;183.5;185.2;266.2;999;1596;101;150;1519.5;86456.28125
240;ford;tourneo-connect;tourneo connect 2 (2013 - present);grand tourneo connect;481.8;183.5;184.0;306.2;1596;1596;150;150;1592.5;121019.28125
241;ford;tourneo-connect;tourneo connect 3rd gen. (2022 - present);grand tourneo connect sport;485.3;185.5;183.3;297.0;0;0;0;0;1591.0;121019.28125
242;ford;tourneo-connect-grand;none;none;481.8;183.5;184.0;306.2;1596;1596;150;150;1592.5;121019.28125
243;ford;tourneo-courier;none;none;415.7;176.4;172.3;248.9;999;999;101;101;1270.0;53073.40625
244;ford;tourneo-custom;none;none;497.2;198.6;197.2;293.3;0;0;0;0;2203.5;170175.625
245;ford;transit;transit 4 - 2020 facelift (2020 - present);transit 2020 kombi;497.2;198.6;197.2;293.3;0;0;0;0;2339.5;58399.6875
246;ford;transit;transit 4 - 2020 facelift (2020 - present);transit 2020;553.1;205.9;249.0;330.0;0;0;0;0;2305.5;58399.6875
247;ford;transit;transit 4 (2014 - 2019);transit 2014;553.1;205.9;249.0;330.0;0;0;0;0;2305.5;58399.6875
248;ford;transit-courier;none;none;415.7;176.4;177.0;248.9;995;995;100;100;1272.5;42443.15625
249;ford;transit-custom;none;none;497.2;198.6;197.2;293.3;0;0;0;0;2036.5;92798.84375
250;honda;accord;vi;1998;460.0;175.0;143.0;268.0;1590;2254;115;212;1320.5;8909.23076923077
251;honda;city;none;none;338.0;157.0;147.0;222.0;1231;1232;45;110;692.5;11662.518518518518
252;honda;cr-v;cr-v 1 (rd1â€“rd3) (1995 - 2001);cr-v i;452.0;175.0;168.0;262.0;1973;1973;128;147;1345.0;12669.29411764706
253;honda;jazz;jazz (ge) (2008 - 2015);jazz (ge);390.0;169.5;152.5;250.0;1199;1339;90;102;1181.0;24837.90625
254;honda;odyssey;none;none;510.5;195.8;177.8;300.0;3471;3471;248;258;2029.5;87060.71875
255;hyundai;bayon;none;none;418.0;177.5;150.0;258.0;998;998;100;120;1233.5;73314.84375
256;hyundai;elantra;elantra (cn7) - 2021 new model (2020 - present);elantra 2021;467.6;182.6;141.5;272.0;1580;1999;149;2020;1310.0;100425.09375
257;hyundai;elantra;elantra (xd) (2000 - 2006);elantra (xd);450.0;172.0;142.0;261.0;1599;1975;105;143;1229.5;94187.46875
258;hyundai;getz;none;none;381.0;166.0;149.0;246.0;1086;1599;62;106;1011.0;8071.1875
259;hyundai;i10;i;i10 pa;356.5;159.5;155.0;238.0;1086;1248;67;78;1017.5;34656.1875
260;hyundai;i20;i;i20 (gb);403.5;173.4;147.4;257.0;998;1368;84;120;1145.0;45356.21875
261;hyundai;i20;i20 (bc3) (2021 - present);i20 (bc3);404.0;177.5;145.0;258.0;998;1598;84;204;1140.0;45356.21875
262;hyundai;i20;i20 (gb) (2014 - 2020);i20 (gb);403.5;173.4;147.4;257.0;998;1368;84;120;1145.0;45356.21875
263;hyundai;ioniq;none;none;447.0;182.0;145.0;270.0;1580;1580;141;141;1462.5;83838.0625
264;hyundai;santa-fe;i;santa fe 2021;478.5;190.0;168.4;276.6;1598;2497;194;281;1956.5;244990.0
265;hyundai;santa-fe;santa fe 1 (2001 - 2006);santa fe (sm);450.0;182.0;173.0;262.0;1997;2656;134;179;1620.0;57878.96875
266;hyundai;santa-fe;santa fe 2 (2007 - 2012);santa fe (cm);466.0;189.0;176.0;270.0;2656;2656;189;189;1808.5;24830.125
267;hyundai;santa-fe;santa fe 3 (2013 - 2019);santa fe (dm);466.0;188.0;169.0;270.0;0;0;0;0;1846.0;57878.96875
268;hyundai;santa-fe;santa fe 4 (tm) - 2019 new model (2018 - 2020);santa fe (tm);477.0;189.0;167.9;276.6;1998;2359;188;238;1806.0;57878.96875
269;hyundai;santa-fe;santa fe 4 (tm) - 2021 facelift (2020 - present);santa fe 2021;478.5;190.0;168.4;276.6;1598;2497;194;281;1956.5;244990.0
270;hyundai;sonata;none;none;471.0;182.0;141.0;270.0;1997;2493;136;160;1303.5;38721.217391304344
271;hyundai;veloster;none;none;422.0;179.0;139.9;265.0;1591;1591;140;201;1315.0;37386.63333333333
272;infiniti;i30;i;i30 tourer;458.5;179.5;146.5;265.0;998;1353;120;140;1367.5;21700.0
273;infiniti;i30;i;i30 iii;434.0;179.5;145.5;265.0;998;1998;100;275;1427.5;21700.0
274;infiniti;i30;ii;2012;430.0;178.0;147.0;265.0;1397;1591;100;135;1370.0;71922.8125
275;infiniti;q50;none;none;479.0;182.0;144.5;285.0;1991;3696;211;328;1740.0;76448.6875
276;infiniti;qx70;none;none;486.5;192.5;168.0;288.5;3696;5026;320;420;2168.5;91955.46875
277;jaguar;f-pace;none;none;473.1;193.6;165.2;287.4;1997;5000;250;550;1938.0;144372.15625
278;jaguar;s-type;none;none;490.5;181.8;144.7;290.9;2497;4196;201;400;1710.0;32153.125
279;jaguar;xf;x250;xf (x260);495.4;188.0;145.7;296.0;1997;2995;200;381;1681.5;87280.53125
280;jaguar;xf;x260;xf (x260 2021) sportbrake;496.4;188.0;149.4;296.0;1997;1997;250;300;1986.5;87280.53125
281;jaguar;xf;x260;xf (x260 2021);496.2;188.0;145.6;296.0;1997;1997;250;300;1922.5;87280.53125
282;jaguar;xj;x351;2009;512.2;189.4;144.8;303.2;2995;5000;340;550;1910.0;80710.375
283;jaguar;xk;ii;2006;479.4;189.2;132.9;275.2;4196;5000;298;510;1735.0;131358.55
284;jaguar;x-type;none;none;467.2;178.9;139.2;271.0;2099;2967;157;230;1502.5;16917.96875
285;jeep;cherokee;cherokee kj (2002 - 2007);cherokee (kj);444.0;182.0;187.0;265.0;2429;3700;147;211;1808.5;26888.6875
286;jeep;cherokee;cherokee kl (2014 - present);cherokee kl;462.3;185.9;166.9;269.9;3239;3239;271;271;1932.0;53369.65625
287;jeep;cherokee;cherokee kl (2014 - present);cherokee 2019;462.4;185.9;167.0;270.0;0;0;0;0;2168.5;53369.65625
288;jeep;commander;none;none;479.0;190.0;183.0;278.0;4701;5654;231;326;2330.0;45177.6875
289;jeep;compass;compass (mp/552) (2017 - present);compass 2020;439.4;181.9;162.4;263.6;1332;1469;130;130;1725.5;97897.90625
290;jeep;grand-cherokee;grand cherokee wk2 (2011 - present);grand cherokee 2017;484.6;195.4;174.9;291.4;3605;6410;286;710;2416.5;88219.625
291;jeep;grand-cherokee;grand cherokee zj (1993 - 1998);grand cherokee (zj);448.9;180.0;170.8;269.0;3960;5899;184;237;1821.5;26346.3
292;jeep;patriot;grand cherokee wj (1999 - 2004);grand cherokee (wj);461.0;184.0;184.0;269.0;3960;4701;190;230;1865.5;30860.46875
293;jeep;patriot;grand cherokee wk (2005 - 2010);grand cherokee (wk);475.0;187.0;174.0;278.0;3701;6059;201;425;2092.5;88219.625
294;jeep;patriot;grand cherokee wk2 (2011 - present);grand cherokee 2017;484.6;195.4;174.9;291.4;3605;6410;286;710;2416.5;88219.625
295;jeep;patriot;grand cherokee zj (1993 - 1998);grand cherokee (zj);448.9;180.0;170.8;269.0;3960;5899;184;237;1821.5;26346.3
296;jeep;wrangler;wrangler jk (2007 - 2017);wrangler (jk);422.0;187.0;180.0;242.0;3604;3778;198;286;1825.0;159946.53125
297;jeep;wrangler;wrangler jl (2018 - present);wrangler jl unlimited;488.2;189.4;184.8;300.8;1995;1995;272;272;2238.0;159946.53125
298;jeep;wrangler;wrangler jl (2018 - present);wrangler jl;433.4;189.4;184.1;245.9;1995;1995;272;272;1992.0;159946.53125
299;jeep;wrangler;wrangler yj (1987 - 1995);wrangler (yj);388.0;168.0;183.0;237.0;2463;3960;121;184;1434.5;65611.64705882352
300;kia;optima;none;none;484.5;183.0;145.5;279.5;0;0;0;0;1577.0;59024.9375
301;kia;rio;ii;2005;399.0;170.0;147.0;250.0;1399;1599;97;112;1112.5;10496.78125
302;kia;soul;soul 1 (am) (2008 - 2013);soul;410.5;178.5;166.0;255.0;1591;1591;124;124;1295.0;53692.8125
303;kia;sportage;sportage 1 (ja) (1993 - 2004);sportage 1;424.0;173.0;165.0;265.0;1998;1998;95;128;1431.5;8639.8
304;kia;sportage;sportage 2 (km) (2004 - 2010);sportage 2;435.0;180.0;170.0;263.0;1975;2656;141;175;1591.0;21255.90625
305;kia;sportage;sportage 3 (sl) (2010 - 2016);sportage 3 restyling;444.0;185.5;163.0;264.0;1591;1591;135;135;1528.0;45709.0
306;kia;sportage;sportage 4 (ql) (2015 - present);sportage 2019;448.5;185.5;164.5;267.0;1591;1591;132;177;1631.5;78968.71875
307;kia;sportage;sportage 4 (ql) (2015 - present);sportage (ql);448.0;185.5;163.5;267.0;1591;1591;132;177;1497.0;78968.71875
308;kia;stinger;none;none;483.0;187.0;140.0;290.5;1998;3342;255;365;1416.5;121473.71875
309;kia;stonic;none;none;414.0;176.0;148.5;258.0;998;1248;84;120;1211.5;68433.125
310;kia;venga;none;none;406.8;176.5;160.0;261.5;1397;1397;90;90;1304.5;31917.3125
311;lancia;delta;delta 2 (1993 - 1999);delta ii hpe;401.1;175.9;143.0;254.0;1581;1995;103;186;1230.0;19793.375
312;lancia;voyager;iii;2001;473.3;195.0;182.0;287.8;1996;3778;133;166;1815.0;49389.47368421053
313;lancia;ypsilon;none;none;372.0;169.0;144.0;238.0;1108;1370;54;86;888.5;17036.633333333335
314;land-rover;defender;l663 defender (2019 - present);l663 defender 110;501.8;200.8;196.7;302.2;1997;5000;300;525;2563.5;309455.5625
315;land-rover;discovery;discovery 4 (2009 - 2017);discovery 4 2013;482.9;202.2;183.7;288.5;0;0;0;0;2539.0;88534.46875
316;land-rover;discovery;discovery 5 - 2021 facelift (2021 - present);discovery 2021;495.6;194.0;188.8;292.3;1997;2995;300;360;2441.5;107443.75
317;land-rover;discovery;discovery series i (1989 - 1998);discovery series i;452.0;179.0;192.0;254.0;3528;3947;155;185;1986.5;26685.714285714286
318;land-rover;discovery;discovery series ii (1998 - 2004);discovery series ii;470.0;188.0;190.0;254.0;3947;3950;185;185;2085.0;33773.86956521739
319;land-rover;discovery;ii;discovery 3;484.0;192.0;189.0;288.0;4394;4394;299;299;2415.0;34649.625
320;land-rover;discovery-sport;none;none;459.9;206.9;172.4;274.1;1999;1999;240;290;1869.0;119319.90625
321;land-rover;freelander;i;1996;438.2;180.5;175.7;255.5;1796;2497;117;177;1506.5;12624.857142857143
322;land-rover;range-rover-evoque;evoque 2 - l551 (2019 - present);range rover evoque (l551);437.1;189.5;164.9;268.1;1497;1997;160;300;2083.0;109502.15625
323;land-rover;range-rover-evoque;evoque i (2011 - 2015);range rover evoque;436.5;196.5;163.5;266.0;1999;1999;240;286;1745.0;109502.15625
324;land-rover;range-rover-sport;i;2005;479.0;193.0;176.0;274.0;4196;5000;300;510;2555.5;56106.8125
325;land-rover;range-rover-velar;none;none;480.3;203.2;166.5;287.4;1997;2995;250;381;1940.5;239545.09375
326;lexus;ct;none;none;432.0;176.5;143.0;260.0;1798;1798;99;136;1415.0;62752.5625
327;lexus;gs;gs 2 (s160) (1997 - 2005);gs ii;480.0;180.0;144.0;280.0;2997;4293;219;283;1685.0;34723.0
328;lexus;gs;gs 3 (s190) (2005 - 2011);gs iii;483.5;182.0;143.0;285.0;2995;4608;249;347;1730.0;43260.6875
329;lexus;gs;gs 4 - 2012 new model (2012 - 2015);gs iv;485.0;184.0;145.5;285.0;2494;4969;209;477;1807.5;105424.53125
330;lexus;gs;gs 4 - 2016 facelift (2015 - 2020);gs 2016;488.0;184.0;145.5;285.0;2494;4969;223;477;1875.0;72482.46875
331;lexus;is;i;is (ii);458.5;180.0;144.0;273.0;2500;4969;208;423;1672.5;36711.78125
332;lexus;is;ii;2005;458.5;180.0;144.0;273.0;2500;4969;208;423;1672.5;36711.78125
333;lexus;ls;ls (ucf20/ucf21) (1994 - 2000);ls (usf20);500.0;183.0;144.0;285.0;3969;3969;264;284;1712.5;145231.21875
334;lexus;ls;ls (ucf30/ucf31) (2000 - 2006);ls (usf30);500.0;183.0;147.0;292.0;4293;4293;281;282;1822.5;145231.21875
335;lexus;ls;ls (usf50 / xf50) - 2021 facelift (2020 - present);ls 2021;523.5;190.0;145.0;312.5;3456;3456;359;359;2388.0;145231.21875
336;lexus;nx;nx (az10) - 2015 new model (2014 - 2021);nx (az10);463.0;184.5;164.5;266.0;2494;2494;197;197;1838.5;130572.90625
337;lexus;rc;none;none;469.5;184.0;139.5;273.0;1998;5000;223;477;1724.0;155790.93548387097
338;maserati;coupe;none;none;452.3;182.2;130.5;266.0;4244;4244;390;401;1575.0;128000.0
339;maserati;ghibli;ghibli m157 - 2019 update (2018 - 2021);ghibli 2019;497.1;194.5;146.1;299.8;2979;2979;350;411;1967.0;130770.25
340;mazda;3;typ bk (2003 - 2009);3;441.5;175.5;146.5;264.0;1349;2261;84;260;1361.5;58636.84375
341;mazda;3;typ bl (2009 - 2013);3 ii;446.0;175.5;147.0;264.0;1598;2261;105;260;1355.0;23974.65625
342;mazda;3;typ bm & bn (2013 - 2019);3 sportsedan 2017;458.0;179.5;145.0;270.0;1496;1998;101;120;1327.5;58636.84375
343;mazda;3;typ bm & bn (2013 - 2019);3 iii sportsedan;458.5;179.5;145.0;270.0;1496;1998;101;120;1325.0;58636.84375
344;mazda;3;typ bm & bn (2013 - 2019);3 iii;446.5;179.5;145.0;270.0;1496;1998;101;165;1335.0;58636.84375
345;mazda;3;typ bm & bn (2013 - 2019);32 017;447.0;179.5;145.0;270.0;1496;1998;101;165;1335.0;58636.84375
346;mazda;3;typ bp (2019 - present);3 (bp) sedan;466.0;179.5;143.5;272.5;1998;1998;122;186;1401.0;101584.90625
347;mazda;5;i;2005;450.5;175.5;166.5;275.0;1798;1999;116;151;1540.0;13274.90625
348;mazda;6;6 (typ gg/gy/gg1) (2002 - 2007);6 wagon;471.0;178.0;148.0;267.5;1798;2261;120;166;1507.5;47866.8125
349;mazda;6;6 (typ gg/gy/gg1) (2002 - 2007);6 sedan;468.0;178.0;143.5;267.5;1798;2261;120;260;1505.0;47866.8125
350;mazda;6;6 (typ gg/gy/gg1) (2002 - 2007);6;468.0;178.0;143.5;267.5;1798;2261;120;166;1465.0;47866.8125
351;mazda;6;6 (typ gh) (2008 - 2012);6 ii wagon;476.5;179.5;149.0;272.5;1798;2488;120;170;1502.5;47866.8125
352;mazda;6;6 (typ gj) (2012 - 2016);6 iii wagon;480.0;184.0;148.0;275.0;1998;2488;145;192;1445.0;61289.03125
353;mazda;6;6 (typ gj) (2012 - 2016);6 iii;486.5;184.0;145.0;283.0;1998;2488;150;192;1487.5;61289.03125
354;mazda;6;6 (typ gj) (2012 - 2016);6 sedan (2015 restyling);486.5;184.0;145.0;283.0;1998;2488;145;192;1435.0;47866.8125
355;mazda;6;6 (typ gl) (2016 - present);6 my17 wagon;480.0;184.0;148.0;275.0;1998;2488;145;194;1515.5;47866.8125
356;mazda;cx-3;none;none;427.5;176.5;153.5;257.0;1998;1998;120;150;1300.0;66708.625
357;mazda;cx-30;none;none;439.5;179.5;154.0;265.5;1998;1998;122;186;1478.5;114110.28125
358;mazda;cx-5;none;none;455.5;184.0;167.0;270.0;1997;1998;160;165;1557.5;86498.40625
359;mazda;cx-7;none;none;468.0;187.0;164.5;275.0;2261;2261;260;260;1750.0;25613.90625
360;mazda;cx-9;none;none;509.5;193.6;172.8;287.5;3726;3726;277;277;1935.0;79077.46875
361;mazda;mx-30;none;none;439.5;184.8;157.0;265.5;830;830;170;170;1749.0;112845.1875
362;mazda;mx-5;mx-5 / miata 3rd gen. (nc1) - 2005 new model (2005 - 2008);mx 5 miata (nc1);399.5;172.0;124.5;233.0;1798;1999;126;160;1162.5;71803.09375
363;mazda;mx-5;mx-5 / miata 3rd gen. (nc1) - 2005 new model (2005 - 2008);mx 5 miata (nc) roadster coupe;399.5;172.0;125.5;233.0;1798;1999;126;160;1149.5;71803.09375
364;mazda;mx-5;mx-5 / miata 3rd gen. (nc3) - 2012 update (2012 - 2015);mx 5 miata (nc3);402.0;172.0;124.5;233.0;1798;1999;126;160;1162.5;71803.09375
365;mazda;mx-5;mx-5 / miata 3rd gen. (nc3) - 2012 update (2012 - 2015);mx 5 miata (nc3);402.0;172.0;124.5;233.0;1798;1999;126;160;1162.5;71803.09375
366;mazda;mx-5;mx-5 / miata na (1989 - 1998);mx 5 miata (na);395.0;168.0;123.0;226.0;1598;1839;90;152;970.0;71803.09375
367;mazda;mx-5;mx-5 / miata nb (1998 - 2005);mx 5 miata (nb);398.0;168.0;122.0;226.0;1597;1839;110;140;1007.5;71803.09375
368;mazda;mx-5;mx-5 / miata nd (2015 - 2023);mx 5 miata (nd) rf;391.5;173.5;123.0;231.0;1496;1998;131;184;1142.5;71803.09375
369;mazda;mx-5;mx-5 / miata nd (2015 - 2023);mx 5 miata (nd);391.5;173.5;123.5;231.0;1496;1998;131;184;1081.0;71803.09375
370;mazda;mx-5;mx-5 / miata nd (2015 - 2023);mx 5 miata (nd) rf;391.5;173.5;123.0;231.0;1496;1998;131;184;1142.5;71803.09375
371;mercedes-benz;amg-gt;none;none;454.4;193.9;128.7;263.0;3982;3982;476;585;1661.5;591004.25
372;mercedes-benz;citan;citan 1st gen. (w415) - 2013 new model (2012 - 2021);citan w415;432.1;182.9;180.9;269.7;0;0;0;0;1506.5;62303.28125
373;mercedes-benz;citan;citan 2nd gen. (w420) - 2022 new model (2021 - present);citan tourer w420;449.8;185.9;185.2;271.6;1332;1332;102;131;1706.0;62303.28125
374;mercedes-benz;cl;c140;1992;506.0;191.0;146.0;294.0;4196;5987;279;394;2140.0;78463.66666666667
375;mercedes-benz;cla;c117 (2013 - 2016);x117 cla shooting brake;463.0;177.7;143.5;269.9;1595;1991;122;381;1585.0;146464.125
376;mercedes-benz;cla;c117 (2013 - 2016);c117 cla;463.0;177.7;143.2;269.9;1595;1991;122;381;1487.5;146464.125
377;mercedes-benz;cla;c117 2017 facelift (2016 - 2019);2017 x117 cla shooting brake;463.0;177.7;143.5;269.9;1595;1991;122;381;1537.5;146464.125
378;mercedes-benz;cla;c118 (2019 - present);x118 cla shooting brake;468.8;183.0;144.2;272.9;1332;1991;136;421;1588.0;146464.125
379;mercedes-benz;cla;c118 (2019 - present);c118 cla;468.8;183.0;143.9;272.9;1332;1991;136;421;1540.5;146464.125
380;mercedes-benz;cle;c218 (2010 - 2018);x218 2015 cls shooting brake;495.3;188.1;141.9;287.4;3498;5461;333;585;1935.0;104196.84375
381;mercedes-benz;cle;c218 (2010 - 2018);cls shooting brake (x218);495.6;188.1;141.6;287.4;3498;4663;306;408;1917.5;104196.84375
382;mercedes-benz;cle;c218 (2010 - 2018);c218 2015 cls;493.7;188.1;141.8;287.4;3498;5461;333;585;1860.0;104196.84375
383;mercedes-benz;cle;c218 (2010 - 2018);cls (c218);494.0;188.1;141.6;287.4;3498;4663;306;408;1837.5;100801.5
384;mercedes-benz;cle;w257 - 2018 new model (2018 - 2021);w257 cls;498.8;189.0;143.5;293.9;1991;2999;299;435;1903.0;104196.84375
385;mercedes-benz;cle;w257 - 2022 update (2022 - present);cls (w257 2022);498.8;189.0;143.5;293.9;1991;2999;299;435;1893.0;274559.03125
386;mercedes-benz;clk;c208 (1996 - 2003);clk (w208) cabrio;457.0;172.0;138.0;269.0;1998;4266;136;279;1552.5;19471.75
387;mercedes-benz;clk;c209 (2002 - 2009);clk (w209) cabrio;465.2;174.0;141.5;271.5;1796;6208;163;481;1720.0;25632.78125
388;mercedes-benz;cls;c218 (2010 - 2018);cls shooting brake (x218);495.6;188.1;141.6;287.4;3498;4663;306;408;1917.5;100801.5
389;mercedes-benz;cls;c218 (2010 - 2018);cls (c218);494.0;188.1;141.6;287.4;3498;4663;306;408;1837.5;100801.5
390;mercedes-benz;cls;w257 - 2018 new model (2018 - 2021);w257 cls;498.8;189.0;143.5;293.9;1991;2999;299;435;1903.0;104196.84375
391;mercedes-benz;cls;w257 - 2022 update (2022 - present);cls (w257 2022);498.8;189.0;143.5;293.9;1991;2999;299;435;1893.0;104196.84375
392;mercedes-benz;gl;x166 (2012 - 2019);gl class (x166);514.6;199.8;185.0;307.5;4663;5461;435;557;2512.5;127717.375
393;mercedes-benz;gla;h 247 gla (2020 - present);h247 gla;441.0;183.4;161.1;272.9;1332;1991;136;421;1630.5;109396.0625
394;mercedes-benz;gla;x156 gla restyling (2017 - 2019);gla 2018;442.4;180.4;149.4;269.9;1595;1991;122;381;1495.0;109396.0625
395;mercedes-benz;glb;none;none;463.4;183.4;165.8;282.9;1332;1991;136;306;1666.5;192604.03125
396;mercedes-benz;glc;none;none;465.6;189.0;164.4;287.3;1991;3982;211;510;1917.5;223196.59375
397;mercedes-benz;gle;v167 gle - 2019 new model (2018 - 2023);v167 gle;492.4;194.7;177.2;299.5;2999;3982;367;612;2383.5;283641.375
398;mercedes-benz;gle;w166 gle (2015 - 2018);gle (w166);481.9;193.5;184.0;291.5;2996;5461;333;585;2130.0;196437.5
399;mercedes-benz;glk;none;none;452.5;184.0;169.8;275.5;2996;3498;231;306;1857.5;61409.28125
400;mercedes-benz;gls;x166 (2013 - 2019);gls (w166);513.0;193.4;185.0;307.5;2996;5461;333;585;2507.5;375343.6875
401;mercedes-benz;gls;x167 (2020 - present);x167 gls;533.5;195.6;182.3;313.5;2999;3982;367;612;2631.5;375343.6875
402;mercedes-benz;klasa-a;w177 (2018 - 2022);w177 class a;441.9;179.6;144.0;272.9;1332;1991;109;306;1465.5;172231.59375
403;mercedes-benz;klasa-a;w177 (2018 - 2022);class a sedan (v177);466.7;179.6;144.6;272.9;1332;1991;136;306;1480.5;172231.59375
404;mercedes-benz;klasa-a;w177 facelift (2022 - present);class a sedan (v177 2023);455.8;179.6;142.9;272.9;1332;1991;150;320;1580.0;172231.59375
405;mercedes-benz;klasa-a;w177 facelift (2022 - present);class a (w177 2023);442.8;179.6;142.3;272.9;1332;1991;150;421;1570.0;172231.59375
406;mercedes-benz;klasa-c;w202 (1993 - 2000);w202 class c;452.0;172.0;142.0;269.0;1799;4266;122;306;1360.0;15427.0
407;mercedes-benz;klasa-c;w203 (2000 - 2007);w203 class c;453.0;173.0;143.0;272.0;1796;5439;129;367;1495.0;15332.40625
408;mercedes-benz;klasa-c;w203 (2000 - 2007);clc (w203);445.2;172.8;140.5;271.5;1597;3498;129;272;1520.0;15332.40625
409;mercedes-benz;klasa-c;w204 (2007 - 2014);w204 class c;458.0;177.0;145.0;276.0;1796;6208;156;457;1597.5;38089.03125
410;mercedes-benz;klasa-c;w204 (2007 - 2014);c class coupe (c204);459.0;177.0;140.6;276.0;1595;3498;156;306;1575.0;38089.03125
411;mercedes-benz;klasa-c;w204 (2007 - 2014);c class (w204 2011) sedan;459.1;177.0;144.7;276.0;1796;3498;156;306;1620.0;38089.03125
412;mercedes-benz;klasa-c;w204 (2007 - 2014);c class (w204 2011) estate;460.6;177.0;145.9;276.0;1796;3498;156;306;1675.0;38089.03125
413;mercedes-benz;klasa-c;w205 (2014 - 2018);a205 class c cabrio;468.6;181.0;140.9;284.0;1595;3982;156;510;1770.0;183453.91666666666
414;mercedes-benz;klasa-c;w205 (2014 - 2018);w205 class c;468.6;181.0;144.2;284.0;1595;3982;156;510;1577.5;104281.0
415;mercedes-benz;klasa-c;w205 (2014 - 2018);s205 estate class c;470.2;181.0;145.7;284.0;1595;3982;156;510;1635.0;104281.0
416;mercedes-benz;klasa-c;w205 (2014 - 2018);c205 class c coupe;468.6;181.0;140.5;284.0;1595;3982;156;510;1602.5;104281.0
417;mercedes-benz;klasa-c;w205 facelift (2018 - 2021);class c cabrio (a205 2019);468.6;181.0;140.9;284.0;1497;3982;156;510;1810.5;183453.91666666666
418;mercedes-benz;klasa-c;w205 facelift (2018 - 2021);class c station (s205 2019);470.2;181.0;145.7;284.0;1497;3982;129;510;1695.5;104281.0
419;mercedes-benz;klasa-c;w205 facelift (2018 - 2021);class c coupe (c205 2019);468.6;181.0;140.0;140.5;1497;3982;156;510;1665.5;104281.0
420;mercedes-benz;klasa-c;w205 facelift (2018 - 2021);class c (w205 2019);468.6;181.0;144.2;284.0;1497;3982;129;510;1636.5;104281.0
421;mercedes-benz;klasa-c;w206 - 2022 new model (2021 - present);class c station (s206);475.1;182.0;145.4;286.5;1496;1999;170;258;1966.5;261239.5625
422;mercedes-benz;klasa-c;w206 - 2022 new model (2021 - present);class c (w206);475.1;182.0;143.7;286.5;1496;1999;170;258;1914.0;261239.5625
423;mercedes-benz;klasa-e;w213 - 2021 facelift (2020 - present);e class estate (w213 2021);494.5;185.2;147.5;293.9;1991;3982;197;612;2021.0;163233.21875
424;mercedes-benz;klasa-e;w213 - 2021 facelift (2020 - present);e class coupe (c238 2021);484.4;186.0;143.2;287.3;1991;2999;197;435;1878.0;163233.21875
425;mercedes-benz;klasa-e;w213 - 2021 facelift (2020 - present);e class (w213 2021);493.5;185.2;146.8;293.9;1991;3982;197;612;1931.0;163233.21875
426;mercedes-benz;klasa-e;w213 - 2021 facelift (2020 - present);e class cabriolet (a238 2021);484.4;186.0;143.0;287.3;1991;2999;197;435;1960.5;129749.59375
427;mercedes-benz;klasa-e;w213 (2016 - present);e class coupe (c238);482.6;186.0;143.0;287.3;1991;2999;184;435;1930.5;163233.21875
428;mercedes-benz;klasa-e;w213 (2016 - present);e class cabriolet;482.6;186.0;142.8;287.3;1991;2999;184;435;1914.0;163233.21875
429;mercedes-benz;klasa-e;w213 (2016 - present);e class all terrain (w213);494.7;186.1;149.7;293.9;0;0;0;0;2046.5;163233.21875
430;mercedes-benz;klasa-e;w213 (2016 - present);e class (w213);492.3;185.2;146.8;293.9;1991;3982;184;612;1826.5;163233.21875
431;mercedes-benz;klasa-r;none;none;492.2;192.2;165.9;298.0;2996;6208;231;510;2252.5;44522.40625
432;mercedes-benz;klasa-s;w140 (1991 - 1998);w140 coupe;506.0;191.0;146.0;294.0;4196;5987;279;394;2140.0;59201.59375
433;mercedes-benz;klasa-s;w140 (1991 - 1998);w140 class s;511.0;189.0;149.0;304.0;2799;5987;193;408;2020.0;59201.59375
434;mercedes-benz;klasa-s;w220 (1998 - 2005);w220 class s;504.0;186.0;144.0;296.0;2799;5980;204;612;1927.5;26616.03125
435;mercedes-benz;klasa-s;w222 (2013 - 2017);w222 class s;511.6;189.9;149.6;303.5;2996;5980;333;630;2055.0;241162.4375
436;mercedes-benz;klasa-s;w222 (2013 - 2017);c217 class s coupe;504.4;191.3;142.2;294.5;4663;5980;455;630;2080.0;201086.53125
437;mercedes-benz;klasa-s;w222 restyling (2018 - 2020);x222 2018 mercedes-maybach;546.2;189.9;149.8;336.5;3982;5980;469;630;2227.5;241162.4375
438;mercedes-benz;klasa-s;w222 restyling (2018 - 2020);w222 2018 class s;512.5;189.9;149.6;303.5;2987;5980;367;630;2102.5;241162.4375
439;mercedes-benz;klasa-s;w222 restyling (2018 - 2020);c217 2018 class s coupe;503.2;189.9;141.4;294.5;2987;5980;367;630;2017.5;241162.4375
440;mercedes-benz;klasa-s;w223 (2021 - present);z223 maybach s;546.9;195.4;151.0;339.6;3982;5980;503;612;2294.0;752090.625
441;mercedes-benz;klasa-s;w223 (2021 - present);w223 class s;517.9;195.4;150.3;310.6;2999;3982;367;503;2294.5;752090.625
442;mercedes-benz;klasa-t;none;none;480.0;180.0;144.0;283.0;1998;5439;136;354;1505.0;184059.2
443;mercedes-benz;klasa-v;none;none;489.5;192.8;188.0;320.0;0;0;0;0;2110.0;278128.3125
444;mercedes-benz;klasa-x;none;none;534.0;192.0;181.9;315.0;0;0;0;0;2343.5;180262.93103448275
445;mercedes-benz;ml;w164 (2005 - 2011);ml class (w164);478.0;191.1;181.5;291.5;3498;6208;272;510;2225.0;47782.5
446;mercedes-benz;sl;r129 (1989 - 2002);sl (r129);447.0;181.0;129.0;252.0;2799;5987;190;394;1815.0;81287.4375
447;mercedes-benz;sl;r230 (2003 - 2008);sl (r230);456.2;182.0;131.7;256.0;2996;5987;231;612;1895.0;75149.625
448;mercedes-benz;sl;r230 (2003 - 2008);sl (r230 2008 facelift);456.2;182.0;131.7;256.0;2996;6208;231;612;1967.5;75149.625
449;mercedes-benz;sl;r231 (2012 - 2020);sl (r231);461.7;187.7;131.5;258.5;2996;5980;306;630;1817.5;312150.0
450;mercedes-benz;slk;r171 (2004 - 2010);slk (r171);410.3;177.7;129.6;243.0;1796;5439;163;360;1482.5;44965.5
451;mercedes-benz;slk;r172 (2011 - 2015);slk (r172);413.4;181.0;130.1;243.0;1796;5461;184;421;1522.5;96464.9
452;mercedes-benz;sprinter;vs30 sprinter (br 907 / 910) (2018 - present);sprinter tourer;526.7;199.3;243.5;325.0;0;0;0;0;2430.0;187993.4375
453;mercedes-benz;sprinter;vs30 sprinter (br 907 / 910) (2018 - present);sprinter l4 rwd;736.7;199.3;281.5;432.5;0;0;0;0;2232.5;187993.4375
454;mercedes-benz;sprinter;vs30 sprinter (br 907 / 910) (2018 - present);sprinter l2 rwd;593.2;199.3;253.0;366.5;0;0;0;0;2238.5;187993.4375
455;mercedes-benz;sprinter;vs30 sprinter (br 907 / 910) (2018 - present);sprinter l1 rwd;526.7;199.3;243.5;325.0;0;0;0;0;2273.5;187993.4375
456;mercedes-benz;viano;none;none;522.3;190.1;187.2;343.0;3199;3724;190;231;2130.0;59562.15625
457;mercedes-benz;vito;w447;vito tourer;489.5;192.8;191.0;320.0;0;0;0;0;2456.5;152383.90625
458;mercedes-benz;vito;w447;vito standard;514.0;192.8;191.0;320.0;0;0;0;0;2135.5;152383.90625
459;mercedes-benz;vito;w447;vito long;537.0;192.8;191.0;343.0;0;0;0;0;2165.5;152383.90625
460;mercedes-benz;vito;w447;vito compact;489.5;192.8;191.0;320.0;0;0;0;0;2010.0;152383.90625
461;mercedes-benz;vito;w447 facelift (2019 - present);vito tourer;489.5;192.8;191.0;320.0;0;0;0;0;2456.5;152383.90625
462;mercedes-benz;vito;w447 facelift (2019 - present);vito standard;514.0;192.8;191.0;320.0;0;0;0;0;2135.5;152383.90625
463;mercedes-benz;vito;w447 facelift (2019 - present);vito long;537.0;192.8;191.0;343.0;0;0;0;0;2165.5;152383.90625
464;mercedes-benz;vito;w447 facelift (2019 - present);vito compact;489.5;192.8;191.0;320.0;0;0;0;0;2010.0;152383.90625
465;mini;clubman;clubman f54 (2015 - present);clubman (f54);425.3;180.0;144.1;267.0;1499;1998;102;231;1470.0;65779.84375
466;mini;clubman;clubman r55 (2007 - 2014);clubman (r55);394.5;168.3;142.6;254.7;1580;1598;98;211;1272.5;65779.84375
467;mini;countryman;f60 (2017 - present);countryman (f60);429.9;182.2;155.7;267.0;1499;1998;102;231;1535.0;88484.3125
468;mini;countryman;r60 (2010 - 2017);countryman r60;409.7;178.9;156.1;259.5;1580;1598;98;184;1417.5;88484.3125
469;mini;countryman;r60 (2010 - 2017);countryman (r60 lci);409.7;178.9;156.1;259.5;1598;1598;98;218;1422.5;88484.3125
470;mini;john-cooper-works;none;none;370.0;168.0;141.0;247.0;1397;1598;75;211;1140.0;118841.09375
471;mitsubishi;asx;asx - 2nd gen. (2022 - present);asx 2023;422.7;179.7;157.6;263.9;999;1598;91;158;1535.5;118714.53125
472;mitsubishi;asx;asx 1 (2010 - present);asx 2020;436.5;177.0;164.0;267.0;1590;1998;117;150;1413.5;49896.84375
473;mitsubishi;asx;asx 1 (2010 - present);asx 2017;435.5;181.0;164.0;267.0;1590;1590;117;117;1475.0;49896.84375
474;mitsubishi;asx;asx 1 (2010 - present);asx;429.5;177.0;161.5;267.0;1590;1590;117;117;1472.5;49896.84375
475;mitsubishi;eclipse-cross;eclipse cross (gk/gl/ya) - 2018 new model (2017 - 2021);eclipse cross 2018;440.5;180.5;168.5;267.0;1499;1499;163;163;1747.0;85329.78125
476;mitsubishi;eclipse-cross;eclipse cross (gk/gl/ya) - 2022 update (2021 - present);eclipse cross 2022;454.5;180.5;168.5;267.0;0;0;0;0;1756.5;85329.78125
477;mitsubishi;grandis;none;none;476.5;179.5;165.5;283.0;2378;2378;165;165;1702.5;14255.90322580645
478;mitsubishi;l200;l200 / triton 5th. gen (kj/kk/kl) facelift (2019 - present);l200 double cab 2020;529.5;181.5;178.0;300.0;0;0;0;0;2130.5;54696.0625
479;mitsubishi;l200;l200 / triton 5th. gen (kj/kk/kl) facelift (2019 - present);l200 club cab 2020;521.5;181.5;178.0;300.0;0;0;0;0;2516.5;54696.0625
480;mitsubishi;outlander;outlander 2 (2006 - 2012);outlander 2;466.5;180.0;172.0;267.0;1998;1998;147;147;1687.5;29001.78125
481;mitsubishi;outlander;outlander 3 (2012 - present);outlander 3 (2018 facelift);469.5;180.0;170.3;267.0;1998;1998;150;150;1762.5;74765.59375
482;mitsubishi;outlander;outlander 3 (2012 - present);outlander 3 (2015 facelift);469.5;181.0;168.0;267.0;1998;1998;150;150;1684.5;74765.59375
483;mitsubishi;outlander;outlander 3 (2012 - present);outlander 3;465.5;180.0;168.0;267.0;1998;1998;121;121;1745.0;74765.59375
484;mitsubishi;pajero;pajero 2 (1991 - 1999);pajero ii long;470.0;170.0;186.0;272.0;2972;3497;150;208;2003.0;24731.15625
485;mitsubishi;pajero;pajero 2 (1991 - 1999);pajero ii (v20);412.0;170.0;184.0;242.0;2972;3497;150;280;1850.0;24731.15625
486;mitsubishi;pajero;pajero 3 (1999 - 2006);pajero iii long;478.0;184.0;186.0;278.0;3497;3497;202;202;2062.5;48696.75
487;mitsubishi;pajero;pajero 3 (1999 - 2006);pajero iii;426.0;184.0;184.0;254.0;3497;3497;202;202;1890.0;27709.25
488;mitsubishi;pajero;pajero 4 (2006 - present);pajero iv;438.5;184.5;185.0;254.5;3828;3828;250;250;2235.0;72586.1875
489;mitsubishi;pajero;pajero pinin (1998 - 2007);pajero pinin;404.0;170.0;170.0;244.0;1834;1999;114;129;1312.5;20936.363636363636
490;mitsubishi;pajero;pajero sport (1996 - 2008);pajero sport;461.0;177.5;173.5;272.5;2972;2972;170;170;1827.5;48696.75
491;mitsubishi;space-star;i;1998;403.0;172.0;152.0;250.0;1299;1834;86;122;1167.5;4949.9
492;nissan;370-z;none;none;425.0;184.5;131.5;255.0;3696;3696;328;330;1577.0;93805.0
493;nissan;almera;n16;almera n16;419.7;170.6;144.8;253.5;1497;1769;90;116;1270.5;5576.09375
494;nissan;juke;i;2010;413.5;176.5;157.0;253.0;1598;1618;117;190;1369.5;38115.8125
495;nissan;micra;k11;1992;369.5;159.0;142.0;236.0;998;1348;55;82;880.0;4210.666666666667
496;nissan;murano;z50;2003;477.0;188.0;170.5;282.5;3498;3498;234;234;1907.5;13885.866666666667
497;nissan;note;note e11 (2004 - 2013);note e11;408.3;169.0;155.0;260.0;1386;1598;88;110;1222.5;18302.46875
498;nissan;nv200;none;none;440.0;169.5;185.0;272.5;1598;1598;110;110;1520.5;32374.1875
499;nissan;pathfinder;pathfinder r51 (2004 - 2012);pathfinder r51;474.0;185.0;176.0;285.0;3954;3954;269;269;2200.5;47751.53125
500;nissan;pathfinder;pathfinder r53 - 2022 new model (2021 - present);pathfinder r53;502.2;197.9;177.0;290.1;3498;3498;288;288;1992.5;47751.53125
501;nissan;patrol;gr-i-y60;1987;425.0;180.0;180.0;240.0;0;0;0;0;1970.0;40694.0
502;nissan;primastar;none;none;508.0;195.6;204.0;309.8;0;0;0;0;2070.0;30536.71875
503;nissan;qashqai;i;qashqai ii;437.7;180.6;159.0;264.6;1197;1618;116;163;1501.5;60546.4375
504;nissan;qashqai;i;qashqai 2018;439.4;180.6;159.5;264.6;1199;1618;116;163;1529.0;48524.65625
505;nissan;qashqai;ii;2013;437.7;180.6;159.0;264.6;1197;1618;116;163;1501.5;60546.4375
506;nissan;qashqai+2;none;none;437.7;180.6;159.0;264.6;1197;1618;116;163;1501.5;33937.375
507;nissan;terrano;ii;1995;410.0;174.0;180.0;245.0;2389;2389;118;124;1675.0;20522.222222222223
508;nissan;tiida;none;none;430.3;169.5;153.3;260.3;1598;1798;110;126;1333.5;13689.32
509;nissan;x-trail;i;x trail t31;463.0;178.0;168.0;263.0;1997;2488;141;169;1601.0;31907.4375
510;nissan;x-trail;x trail t30 (2000 - 2007);x trail (t30);451.0;176.0;168.0;262.0;1998;2488;140;165;1445.0;16092.1875
511;nissan;x-trail;x trail t31 (2007 - 2013);x trail t31;463.0;178.0;168.0;263.0;1997;2488;141;169;1601.0;31907.4375
512;nissan;x-trail;x trail t32 (2013 - 2022);x trail 2018;464.0;182.0;171.0;270.5;1332;1618;160;163;1681.5;87251.53125
513;nissan;x-trail;x trail t32 (2013 - 2022);x trail (t32);464.3;182.0;169.5;270.6;1618;1618;163;163;1622.5;87251.53125
514;opel;adam;none;none;369.8;172.0;148.4;231.1;999;1398;69;116;1132.0;31722.46875
515;opel;agila;a;2000;353.5;162.0;169.5;236.0;973;1229;58;80;1085.0;5049.95
516;opel;astra;f;1991;405.0;169.0;141.0;252.0;1388;1998;60;150;1025.0;5147.875
517;opel;combo;c;combo e van;440.3;184.8;179.6;278.5;1199;1560;75;110;1552.5;45596.46875
518;opel;corsa;b;1993;372.9;160.8;142.0;244.3;973;1598;45;109;913.5;4042.190476190476
519;opel;crossland;none;none;421.7;182.5;160.5;260.4;1199;1199;83;130;1261.5;72905.3125
520;opel;crossland-x;none;none;421.2;182.5;160.5;260.4;1199;1199;82;130;1264.0;55556.21875
521;opel;frontera;b;frontera b wagon;465.8;181.4;174.8;270.2;2198;3165;136;205;1728.5;19114.14285714286
522;opel;frontera;b;frontera b sport;426.8;181.4;175.5;246.2;2198;3165;136;205;1670.0;19114.14285714286
523;opel;grandland;none;none;447.7;185.6;160.9;267.5;1199;1199;130;130;1659.5;76790.5625
524;opel;grandland-x;none;none;447.7;185.6;160.9;267.5;1199;1598;130;300;1614.0;76790.5625
525;opel;gt;none;none;410.0;181.3;127.4;241.5;1897;1998;90;264;1173.0;69600.0
526;opel;insignia;a;insignia grand sport;489.7;186.3;145.5;282.9;1490;1998;140;260;1544.5;36503.96875
527;opel;insignia;b;insignia 2020 sports tourer;498.6;186.3;150.0;282.9;1998;1998;200;200;1675.0;36503.96875
528;opel;insignia;b;insignia 2020 grand sport;489.7;186.3;145.5;282.9;1998;1998;200;230;1630.0;36503.96875
529;opel;karl;none;none;367.5;160.4;147.6;238.5;999;999;75;75;937.0;27152.96875
530;opel;mokka;mokka a (2012 - 2019);mokka x;427.5;178.1;165.8;255.5;1364;1399;140;152;1449.0;49049.65625
531;opel;mokka;mokka a (2012 - 2019);mokka a;427.8;177.7;165.8;255.5;1364;1598;116;140;1419.5;49049.65625
532;opel;vectra;b;vectra gts;459.6;179.8;146.0;270.0;1796;3175;122;279;1535.0;10480.8125
533;opel;vectra;b;vectra c caravan;482.2;179.8;150.0;283.0;1796;3175;122;280;1619.0;10480.8125
534;opel;vectra;c;vectra c;461.1;179.8;146.0;270.0;1796;2792;140;230;1455.0;10782.375
535;opel;vectra;c;vectra gts;459.6;179.8;146.0;270.0;1796;3175;122;279;1535.0;10480.8125
536;opel;vivaro;i;vivaro c van;460.9;201.0;190.5;292.5;0;0;0;0;1890.5;47562.21875
537;opel;vivaro;i;vivaro c combi;495.9;201.0;189.5;327.5;0;0;0;0;1916.0;47562.21875
538;opel;zafira;zafira a (1999 - 2005);zafira a;432.0;174.0;163.0;269.0;1598;2198;100;200;1407.5;5868.375
539;opel;zafira;zafira c tourer (2011 - 2017);zafira tourer;465.8;192.8;168.5;276.0;1362;1796;116;200;1729.0;38981.1875
540;opel;zafira;zafira life (2019 - present);zafira life;495.9;201.0;189.5;327.5;0;0;0;0;1950.0;124476.2
541;opel;zafira;zafira tourer - 2017 facelift (2017 - 2019);zafira tourer 2017;466.6;192.8;166.0;276.0;1362;1598;120;200;1729.0;24290.59375
542;peugeot;108;none;none;347.5;161.5;146.0;234.0;998;1199;68;82;907.5;29868.5
543;peugeot;206;none;none;384.0;165.0;143.0;244.0;1124;1997;60;180;992.5;6168.6875
544;peugeot;207;207 (2006 - 2012);207;403.0;172.0;147.2;254.0;1361;1598;73;156;1297.0;12286.53125
545;peugeot;207;207+ (2012 - 2014);207+;404.5;174.8;147.2;254.0;1361;1361;73;73;1230.0;12286.53125
546;peugeot;208;208 phase 1 (2012 - 2015);208;396.2;173.9;146.0;253.8;999;1598;68;208;1155.0;43329.5
547;peugeot;208;208 phase 2 (2015 - present);208 5-door (facelift 2015);396.5;173.9;146.0;253.8;999;1598;68;163;1125.0;43329.5
548;peugeot;301;3008 2 - 2021 facelift (2021 - present);30 082 021;444.7;184.1;162.4;267.5;1199;1598;130;180;1661.0;61632.375
549;peugeot;301;3008 2 (2016 - present);3008 ii;444.7;184.4;162.4;267.5;1199;1598;130;225;1621.5;89738.625
550;peugeot;301;3008 2024 (2024 - present);30 082 024;454.2;189.5;164.1;273.9;1199;1199;136;136;1923.5;61632.375
551;peugeot;307;i;2001;420.2;174.6;151.4;260.8;1361;1997;88;177;1303.0;7789.9375
552;peugeot;308;p5;308 sw 2022;463.6;185.2;144.1;273.2;1199;1199;110;130;1573.5;100556.375
553;peugeot;308;t7;308 2018 sw;458.5;180.4;147.2;273.0;1199;1598;110;225;1387.0;42050.15625
554;peugeot;308;t7;3 082 018;425.3;180.4;145.7;262.0;1199;1598;110;270;1291.5;42050.15625
555;peugeot;308;t9;308 2018 sw;458.5;180.4;147.2;273.0;1199;1598;110;225;1387.0;42050.15625
556;peugeot;308;t9;3 082 018;425.3;180.4;145.7;262.0;1199;1598;110;270;1291.5;42050.15625
557;peugeot;407;none;none;467.6;181.1;144.7;272.5;1749;2946;125;211;1663.5;10688.125
558;peugeot;408;none;none;468.7;184.8;147.8;278.7;1199;1199;131;136;1624.0;155274.59375
559;peugeot;508;ii;2018;475.0;185.9;140.3;279.3;1199;1598;130;225;1678.5;91447.21875
560;peugeot;807;none;none;472.7;185.4;175.2;282.3;1997;1997;140;140;1842.0;17593.09375
561;peugeot;1007;none;none;373.1;182.6;162.0;231.5;1361;1587;73;109;1191.5;8319.5625
562;peugeot;2008;ii;2008 ii (facelift 2023);430.4;177.0;152.3;260.5;1199;1199;101;131;1443.0;59030.59375
563;peugeot;3008;3008 2 - 2021 facelift (2021 - present);30 082 021;444.7;184.1;162.4;267.5;1199;1598;130;180;1661.0;61632.375
564;peugeot;3008;3008 2 (2016 - present);3008 ii;444.7;184.4;162.4;267.5;1199;1598;130;225;1621.5;89738.625
565;peugeot;5008;ii;2017;464.1;184.4;164.6;284.0;1199;1598;130;180;1507.0;94754.03125
566;peugeot;206-cc;none;none;383.5;167.3;137.3;244.2;1587;1997;109;136;1175.0;7808.233333333334
567;peugeot;206-plus;none;none;387.2;166.9;144.4;244.3;1124;1361;60;75;1030.0;10985.3125
568;peugeot;207-cc;207 (2006 - 2012);207;403.0;172.0;147.2;254.0;1361;1598;73;156;1297.0;15645.125
569;peugeot;207-cc;207+ (2012 - 2014);207+;404.5;174.8;147.2;254.0;1361;1361;73;73;1230.0;15645.125
570;peugeot;boxer;boxer 3rd gen. (x250) - 2007 new model (2006 - 2014);boxer (x250) l2h2;541.3;205.0;252.2;345.0;0;0;0;0;2079.0;53579.5
571;peugeot;boxer;boxer 3rd gen. (x290) - 2015 update (2014 - present);boxer (x290) l4h2;636.3;205.0;252.2;403.5;0;0;0;0;2504.0;53579.5
572;peugeot;boxer;boxer 3rd gen. (x290) - 2015 update (2014 - present);boxer (x290) l3h3;599.8;205.0;276.0;403.5;0;0;0;0;2572.5;53579.5
573;peugeot;boxer;boxer 3rd gen. (x290) - 2015 update (2014 - present);boxer (x290) l3h2;599.8;205.0;252.2;403.5;0;0;0;0;2425.0;53579.5
574;peugeot;boxer;boxer 3rd gen. (x290) - 2015 update (2014 - present);boxer (x290) l2h2;541.3;205.0;225.4;345.0;0;0;0;0;2535.0;53579.5
575;peugeot;boxer;boxer 3rd gen. (x290) - 2015 update (2014 - present);boxer (x290) l2h1;541.3;205.0;225.4;345.0;0;0;0;0;2235.0;53579.5
576;peugeot;boxer;boxer 3rd gen. (x290) - 2015 update (2014 - present);boxer (x290) l1h1;496.3;205.0;225.4;300.0;0;0;0;0;1984.0;53579.5
577;peugeot;expert;expert 2 (2007 - 2016);expert 2;480.5;189.5;194.2;300.0;0;0;0;0;1991.5;56270.59375
578;peugeot;expert;expert 3 (2016 - present);expert combi;495.6;192.0;189.5;327.5;0;0;0;0;1923.0;56270.59375
579;peugeot;expert;expert 3 (2016 - present);expert traveller;495.6;192.0;189.5;327.5;0;0;0;0;1998.5;109178.5625
580;peugeot;partner;i;partner 2;438.0;181.0;180.1;272.8;1587;1598;90;98;1485.0;26583.84375
581;peugeot;partner;i;partner 2 phase 3;438.4;181.0;180.1;272.8;1199;1598;98;120;1524.5;25346.0625
582;peugeot;partner;ii;partner 2 phase 3;438.4;181.0;180.1;272.8;1199;1598;98;120;1524.5;26583.84375
583;peugeot;partner;ii;partner 2;438.0;181.0;180.1;272.8;1587;1598;90;98;1485.0;25346.0625
584;peugeot;rifter;none;none;440.3;184.8;187.4;278.5;1199;1199;110;130;1687.0;71239.0
585;peugeot;traveller;none;none;495.6;192.0;189.5;327.5;0;0;0;0;1998.5;109178.5625
586;porsche;911;911 (911 series) (1963 - 1989);911 targa (911 series);429.0;165.0;132.0;227.0;3164;3299;218;301;1272.5;717360.8125
587;porsche;911;911 (911 series) (1963 - 1989);911 cabriolet (911 series);429.0;165.0;132.0;227.0;3164;3299;218;301;1272.5;717360.8125
588;porsche;911;911 (964 series) (1988 - 1994);911 coupe (964 series);425.0;165.0;131.0;227.0;3600;3600;250;360;1350.0;323827.1666666667
589;porsche;911;911 (964 series) (1988 - 1994);911 cabriolet (964 series);425.0;165.0;131.0;227.0;3600;3600;250;250;1400.0;323827.1666666667
590;porsche;911;911 (991.1 series) (2011 - 2015);911 targa (991 series);449.1;185.2;129.8;245.0;3436;3800;349;430;1635.0;717360.8125
591;porsche;911;911 (991.1 series) (2011 - 2015);911 cabriolet (991 series);449.1;180.8;129.9;245.0;3436;3800;349;430;1550.0;717360.8125
592;porsche;911;911 (991.1 series) (2011 - 2015);911 coupe (991 series);450.9;185.2;129.6;245.0;3436;3996;349;500;1467.5;454351.3125
593;porsche;911;911 (991.2 series) (2015 - 2019);911 targa (991.2 series);449.9;185.2;128.8;245.0;2981;2981;370;450;1662.5;717360.8125
594;porsche;911;911 (991.2 series) (2015 - 2019);911 coupe (991.2 series);449.9;180.8;129.4;245.0;2981;3996;370;700;1581.5;717360.8125
595;porsche;911;911 (992 series) (2019 - present);911 targa (992 series);451.9;185.2;129.7;245.0;2981;2981;385;480;1755.5;933246.03125
596;porsche;911;911 (992 series) (2019 - present);911 cabriolet (992 series);451.9;185.2;129.7;245.0;2981;3745;385;650;1722.0;933246.03125
597;porsche;911;911 (993 series) (1993 - 1998);911 cabriolet (993 series);424.0;174.0;130.0;227.0;3600;3600;272;285;1375.0;366312.22222222225
598;porsche;911;911 (996 series) (1997 - 2006);911 targa (996 series);443.0;177.0;130.0;235.0;3596;3596;320;320;1445.0;178705.875
599;porsche;911;911 (996 series) (1997 - 2006);911 cabriolet (996 series);443.0;176.5;130.5;235.0;3387;3600;300;450;1585.0;178705.875
600;porsche;911;911 (997 series) (2004 - 2012);911 targa (997);442.7;185.2;131.0;235.0;3596;3824;325;385;1617.5;277639.09375
601;porsche;911;911 (997 series) (2004 - 2012);911 cabriolet (997);442.7;180.8;131.0;235.0;3596;3824;325;530;1580.0;277639.09375
602;porsche;911;911 (997 series) (2004 - 2012);911 (997);442.7;180.8;131.0;235.0;3596;3996;325;620;1532.5;277639.09375
603;porsche;718-boxster;none;none;437.9;180.1;128.1;247.5;1988;3996;299;500;1445.5;389682.1875
604;porsche;718-cayman;none;none;437.9;180.1;129.5;247.5;1988;3995;299;500;1445.5;350834.0
605;porsche;boxster;718 boxster (type 982) (2016 - present);718 boxster;437.9;180.1;128.1;247.5;1988;3996;299;500;1445.5;389682.1875
606;porsche;boxster;boxster (type 981) (2012 - 2016);boxster (981);437.4;180.1;128.2;247.5;2706;3800;265;375;1417.5;111437.96875
607;porsche;boxster;boxster (type 986) (1996 - 2004);boxster (986);431.5;178.0;129.0;241.5;2480;3179;204;266;1342.5;111437.96875
608;porsche;macan;none;none;468.1;192.3;162.4;280.7;1984;3605;252;400;1827.5;227641.5625
609;renault;5;i;2005;350.6;152.5;141.0;241.9;845;1397;36;160;850.0;48939.8
610;renault;captur;captur 1 (2013 - 2019);captur 1 phase 2;412.2;177.8;155.6;260.6;898;1330;90;150;1297.5;59851.96875
611;renault;captur;captur 1 (2013 - 2019);captur 1 phase 1;412.2;177.8;156.6;260.6;898;1197;90;120;1239.0;59851.96875
612;renault;captur;captur 2 (2020 - present);captur 2;422.7;179.7;157.6;263.9;999;1598;91;154;1402.0;84987.875
613;renault;clio;clio 1 (1990 - 1999);clio 1 phase 3;371.0;162.0;140.0;247.0;1149;1783;60;110;903.0;12208.166666666666
614;renault;clio;clio 1 (1990 - 1999);clio 1 phase 2;370.9;162.5;139.5;247.2;1171;1998;54;150;902.5;12208.166666666666
615;renault;clio;clio 1 (1990 - 1999);clio 1 phase 1;370.9;161.6;140.0;247.0;1171;1998;60;150;898.5;12208.166666666666
616;renault;clio;clio 2 (1998 - 2012);clio 2 phase 2 3 doors;381.2;163.9;141.7;247.2;1149;2946;58;255;1140.0;7400.59375
617;renault;clio;clio 2 (1998 - 2012);clio 2 phase 1 5 doors;377.3;163.9;141.7;247.2;1149;1598;58;110;960.0;7400.59375
618;renault;clio;clio 2 (1998 - 2012);clio 2 phase 1 3 doors;377.3;163.9;141.7;247.2;1149;2946;58;230;1117.5;7400.59375
619;renault;clio;clio 2 (1998 - 2012);clio 2 campus/storia;381.2;163.9;141.7;247.2;1149;1149;58;75;1047.5;7400.59375
620;renault;clio;clio 3 (2005 - 2014);clio 3 phase 2 grand tour;422.8;170.7;151.3;257.5;1149;1149;75;101;1247.5;13371.78125
621;renault;clio;clio 3 (2005 - 2014);clio 3 phase 1 grand tour;420.2;170.7;149.7;257.5;1149;1598;75;111;1247.5;13371.78125
622;renault;clio;clio 3 (2005 - 2014);clio 3 phase 1 5doors;398.6;170.7;149.6;257.5;1149;1997;75;138;1225.0;13371.78125
623;renault;clio;clio 4 (2012 - 2019);clio 4;406.2;173.2;144.8;258.9;898;1618;73;220;1167.0;34627.75
624;renault;clio;clio 4 (2012 - 2019);clio 4 ph2 sport tourer;426.7;173.2;147.5;258.9;898;1197;73;118;1149.0;31219.84375
625;renault;clio;clio 5 (2019 - present);clio 5 phase 2;405.3;179.8;144.0;258.3;999;1598;67;143;1227.5;63421.8125
626;renault;coupe;none;none;420.9;177.7;145.7;262.5;1390;1998;98;225;1325.0;23643.71875
627;renault;espace;2 (1991 - 1997);espace 2;443.0;180.0;169.0;258.0;1995;2849;105;152;1427.0;73982.125
628;renault;espace;3 (1996 - 2002);grand espace 1;479.0;181.0;169.0;287.0;1998;2946;115;194;1600.0;9325.0
629;renault;espace;3 (1996 - 2002);espace 3;451.7;181.0;169.0;270.2;1998;2963;115;194;1560.0;9325.0
630;renault;espace;4 (2002 - 2014);grand espace 2 phase 1;486.1;186.0;174.6;286.8;1998;3498;165;245;1875.0;17536.53125
631;renault;espace;4 (2002 - 2014);espace 4 phase 4;465.6;186.0;180.1;280.3;0;0;0;0;1990.0;17536.53125
632;renault;espace;4 (2002 - 2014);espace 4 phase 3;465.6;186.0;172.8;280.3;1998;1998;136;136;1797.5;17536.53125
633;renault;espace;4 (2002 - 2014);espace 4 phase 2;466.0;186.0;173.0;280.0;0;0;0;0;1793.5;17536.53125
634;renault;espace;4 (2002 - 2014);espace 4 phase 1;465.6;186.0;172.8;280.3;1998;3498;136;241;1795.0;17536.53125
635;renault;espace;espace 5 - 2015 new model (2015 - 2020);espace 5;485.7;188.8;167.5;288.4;1618;1798;200;224;1749.5;67001.15625
636;renault;espace;espace 5 - 2020 facelift (2020 - 2023);espace 2020;485.7;188.8;167.5;288.4;1798;1798;225;225;1821.0;67001.15625
637;renault;fluence;fluence 1 (2009 - 2013);fluence phase 1;461.8;180.9;147.9;270.2;1598;1997;106;140;1330.0;22888.375
638;renault;fluence;fluence 2 (2013 - present);fluence phase 2;461.8;180.9;147.9;270.2;1598;1997;110;140;1376.0;22888.375
639;renault;grand-espace;1 (1984 - 1991);espace 1;436.0;178.0;166.0;258.0;1995;2165;101;120;1354.0;73982.125
640;renault;grand-espace;2 (1991 - 1997);espace 2;443.0;180.0;169.0;258.0;1995;2849;105;152;1427.0;73982.125
641;renault;grand-espace;3 (1996 - 2002);grand espace 1;479.0;181.0;169.0;287.0;1998;2946;115;194;1600.0;9325.0
642;renault;grand-espace;3 (1996 - 2002);espace 3;451.7;181.0;169.0;270.2;1998;2963;115;194;1560.0;9325.0
643;renault;grand-espace;4 (2002 - 2014);grand espace 2 phase 4;485.6;186.0;181.9;286.8;0;0;0;0;2015.5;21412.46875
644;renault;grand-espace;4 (2002 - 2014);grand espace 2 phase 3;485.6;186.0;174.6;286.8;3498;3498;241;241;1868.5;21412.46875
645;renault;grand-espace;4 (2002 - 2014);grand espace 2 phase 2;486.0;186.0;175.0;287.0;1998;3498;170;245;1790.0;21412.46875
646;renault;grand-espace;4 (2002 - 2014);grand espace 2 phase 1;486.1;186.0;174.6;286.8;1998;3498;165;245;1875.0;21412.46875
647;renault;grand-espace;4 (2002 - 2014);espace 4 phase 1;465.6;186.0;172.8;280.3;1998;3498;136;241;1795.0;21412.46875
648;renault;grand-espace;espace 5 - 2015 new model (2015 - 2020);espace 5;485.7;188.8;167.5;288.4;1618;1798;200;224;1749.5;67001.15625
649;renault;grand-espace;espace 5 - 2020 facelift (2020 - 2023);espace 2020;485.7;188.8;167.5;288.4;1798;1798;225;225;1821.0;73982.125
650;renault;grand-espace;espace 6 (2023 - present);espace 6;472.2;184.3;164.5;273.8;1199;1199;199;199;1755.5;73982.125
651;renault;grand-scenic;i;scenic 3 phase 2;436.6;184.5;164.0;269.4;1199;1997;110;140;1505.0;36058.71875
652;renault;grand-scenic;i;scenic 3 phase 1;434.4;184.5;163.7;270.2;1997;1997;140;140;1537.5;36058.71875
653;renault;grand-scenic;i;grand scenic 3 phase 3;457.3;184.5;164.5;277.0;1199;1199;131;131;1576.0;36058.71875
654;renault;grand-scenic;i;grand scenic 3 phase 2;457.3;184.5;164.5;276.9;1199;1997;110;140;1576.0;36058.71875
655;renault;grand-scenic;i;grand scenic 3 phase 1;456.0;184.5;164.5;277.0;1997;1997;140;140;1603.5;36058.71875
656;renault;grand-scenic;i;scenic 3 phase 2;457.3;184.5;164.5;277.0;1199;1199;131;131;1576.0;36058.71875
657;renault;grand-scenic;i;scenic 3 phase 1;457.3;184.5;164.5;277.0;1199;1199;131;131;1576.0;36058.71875
658;renault;grand-scenic;i;grand scenic 3 phase 3;457.3;184.5;164.5;277.0;1199;1199;131;131;1576.0;36058.71875
659;renault;grand-scenic;i;grand scenic 3 phase 2;457.3;184.5;164.5;276.9;1199;1997;110;140;1576.0;36058.71875
660;renault;grand-scenic;i;grand scenic 3 phase 1;456.0;184.5;164.5;277.0;1997;1997;140;140;1603.5;36058.71875
661;renault;grand-scenic;mă©gane scă©nic (1996 - 2003);scenic rx4;444.0;178.0;173.0;262.0;1998;1998;139;140;1500.0;9033.333333333334
662;renault;grand-scenic;mă©gane scă©nic (1996 - 2003);megane scenic;413.0;172.0;160.0;258.0;1390;1998;75;115;1232.5;36058.71875
663;renault;grand-scenic;scă©nic 2 (2003 - 2009);scenic 2 phase 2;425.9;181.0;164.0;268.5;1390;1998;98;163;1485.0;36058.71875
664;renault;grand-scenic;scă©nic 2 (2003 - 2009);grand scenic 2 phase 2;450.0;181.0;164.0;274.0;1598;1998;110;165;1447.5;36058.71875
665;renault;grand-scenic;scă©nic 2 (2003 - 2009);grand scenic 2 phase 1;449.0;181.0;164.0;274.0;1598;1998;115;165;1465.0;36058.71875
666;renault;grand-scenic;scă©nic 2 (2003 - 2009);scenic 2 phase 1;425.9;180.5;162.1;268.5;1390;1998;98;163;1427.5;10159.3125
667;renault;grand-scenic;scă©nic 3 (2009 - 2016);scenic 3 phase 2;436.6;184.5;164.0;269.4;1199;1997;110;140;1505.0;36058.71875
668;renault;grand-scenic;scă©nic 3 (2009 - 2016);scenic 3 phase 1;434.4;184.5;163.7;270.2;1997;1997;140;140;1537.5;36058.71875
669;renault;grand-scenic;scă©nic 3 (2009 - 2016);grand scenic 3 phase 2;457.3;184.5;164.5;276.9;1199;1997;110;140;1576.0;36058.71875
670;renault;grand-scenic;scă©nic 3 (2009 - 2016);grand scenic 3 phase 1;456.0;184.5;164.5;277.0;1997;1997;140;140;1603.5;36058.71875
671;renault;grand-scenic;scă©nic 4 (2017 - 2023);grand scenic 4;463.4;186.6;165.3;280.4;1199;1332;115;160;1559.5;36058.71875
672;renault;kadjar;kadjar 1 phase 1 - 2016 new model (2015 - 2018);kadjar 1 phase 1;444.9;183.6;160.7;264.6;1199;1618;131;163;1496.0;66162.46875
673;renault;kangoo;1 (1997 - 2010);kangoo 1 phase 2;404.0;167.0;182.0;260.0;0;0;0;0;1182.5;25573.28125
674;renault;kangoo;1 (1997 - 2010);kangoo 1 phase 1;399.5;166.3;182.7;260.0;1149;1598;60;95;1157.5;25573.28125
675;renault;kangoo;kangoo 2 (2007 - 2021);kangoo 2 phase 2 express;428.2;182.9;184.4;269.7;0;0;0;0;1485.0;25573.28125
676;renault;kangoo;kangoo 2 (2007 - 2021);kangoo 2 phase 2;425.5;182.9;189.9;269.7;1199;1598;106;116;1540.0;24504.125
677;renault;kangoo;kangoo 2 (2007 - 2021);kangoo 2 phase 1;403.5;167.2;180.0;260.5;1598;1598;87;106;1359.0;24504.125
678;renault;kangoo;kangoo 3 phase 1 - 2021 new model (2021 - present);kangoo van 3;448.6;191.9;186.4;271.6;1333;1333;100;130;1452.0;133838.8
679;renault;koleos;koleos ii phase 1 (2017 - present);koleos 2 phase 1;467.3;184.3;167.8;270.5;0;0;0;0;1693.0;93638.0625
680;renault;koleos;phase 1 (2008 - 2011);koleos 1 phase 1;452.0;186.5;171.0;269.0;0;0;0;0;1754.0;31215.625
681;renault;koleos;phase 2 (2011 - 2013);koleos 1 phase 2;452.0;185.5;171.0;269.0;0;0;0;0;1754.0;58249.96875
682;renault;koleos;phase 3 (2013 - 2015);koleos 1 phase 3;452.0;185.5;171.0;269.0;0;0;0;0;1754.0;58249.96875
683;renault;laguna;1 (1994 - 2001);laguna 1 phase 2;451.0;175.0;143.0;267.0;1598;2946;95;194;1315.0;4649.875
684;renault;laguna;1 (1994 - 2001);laguna 1 phase 1;451.0;175.0;143.0;267.0;1783;2963;95;194;1298.5;4649.875
685;renault;laguna;1 (1994 - 2001);laguna 1 break phase 2;462.8;175.2;147.0;267.0;1998;1998;139;139;1355.0;4649.875
686;renault;laguna;2 (2001 - 2007);laguna 2 phase 2 break;471.3;177.4;143.9;274.8;1598;2946;111;207;1492.5;7882.125
687;renault;laguna;2 (2001 - 2007);laguna 2 phase 2;459.8;177.4;143.3;274.8;1598;2946;111;210;1407.5;7882.125
688;renault;laguna;2 (2001 - 2007);laguna 2 phase 1 break;469.5;177.2;144.3;274.8;1783;2946;121;207;1460.0;7882.125
689;renault;laguna;2 (2001 - 2007);laguna 2 phase 1;457.6;177.2;142.9;274.8;1598;2946;107;207;1427.5;7882.125
690;renault;laguna;3 (2007 - 2015);laguna 3 coupe phase 2;464.3;181.2;139.8;269.4;1998;3498;170;238;1566.5;27558.90625
691;renault;laguna;3 (2007 - 2015);laguna 3 coupe;464.3;181.2;139.8;269.4;1998;3498;170;238;1604.0;27558.90625
692;renault;laguna;3 (2007 - 2015);laguna 3 phase 2 grand tour;480.3;181.1;144.5;275.6;1997;1998;140;204;1511.5;23001.4375
693;renault;laguna;3 (2007 - 2015);laguna 3 phase 2;469.5;181.1;144.5;275.6;1997;1998;140;204;1494.5;23001.4375
694;renault;laguna;3 (2007 - 2015);laguna 3 phase 1 grand tour;480.3;181.1;144.5;275.6;1997;1998;140;204;1551.5;23001.4375
695;renault;master;master iii (2010 - present);master 3 phase 3 combi;557.5;207.0;248.2;368.2;0;0;0;0;2275.0;31735.933333333334
696;renault;master;master iii (2010 - present);master 3 phase 3;507.5;207.0;230.7;318.2;0;0;0;0;2135.5;31735.933333333334
697;renault;master;master iii (2010 - present);master 3 phase 2;504.8;207.0;230.7;318.2;0;0;0;0;2074.5;31735.933333333334
698;renault;megane;i;1996;412.9;169.9;142.0;258.0;1390;1998;75;150;1060.0;6219.827586206897
699;renault;modus;none;none;379.2;169.5;158.9;248.2;1149;1598;65;112;1167.5;10860.5625
700;renault;scenic;i;1997;417.0;170.0;168.0;258.0;1390;1998;95;140;1302.5;5109.0
701;renault;scenic;i;scenic 3 phase 2;436.6;184.5;164.0;269.4;1199;1997;110;140;1505.0;24971.78125
702;renault;scenic;i;grand scenic 3 phase 1;456.0;184.5;164.5;277.0;1997;1997;140;140;1603.5;24971.78125
703;renault;scenic;i;grand scenic 3 phase 3;457.3;184.5;164.5;277.0;1199;1199;131;131;1576.0;23946.875
704;renault;scenic;scă©nic 3 (2009 - 2016);grand scenic 3 phase 3;457.3;184.5;164.5;277.0;1199;1199;131;131;1576.0;36058.71875
705;renault;scenic;scă©nic 3 (2009 - 2016);grand scenic 3 phase 2;457.3;184.5;164.5;276.9;1199;1997;110;140;1576.0;36058.71875
706;renault;talisman;talisman - 2021 facelift (2021 - present);talisman 2021 sport tourer;486.5;186.9;146.5;280.9;1333;1333;140;158;1617.5;64887.34375
707;renault;talisman;talisman (2015 - 2020);talisman;484.8;186.9;146.3;280.8;1332;1798;150;225;1531.5;64887.34375
708;renault;thalia;clio 1 (1990 - 1999);clio 1 phase 3;371.0;162.0;140.0;247.0;1149;1783;60;110;903.0;12208.166666666666
709;renault;thalia;clio 1 (1990 - 1999);clio 1 phase 2;370.9;162.5;139.5;247.2;1171;1998;54;150;902.5;12208.166666666666
710;renault;thalia;clio 1 (1990 - 1999);clio 1 phase 1;370.9;161.6;139.5;247.0;1171;1998;60;150;898.5;12208.166666666666
711;renault;thalia;clio 2 (1998 - 2012);clio 2 phase 1 5 doors;377.3;163.9;141.7;247.2;1149;1598;58;110;960.0;7375.59375
712;renault;thalia;clio 2 (1998 - 2012);clio 2 phase 1 3 doors;377.3;163.9;141.7;247.2;1149;2946;58;230;1117.5;7375.59375
713;renault;thalia;clio 3 (2005 - 2014);clio 3 phase 1 grand tour;420.2;170.7;149.7;257.5;1149;1598;75;111;1247.5;13384.28125
714;renault;thalia;clio 3 (2005 - 2014);clio 3 phase 1 5doors;398.6;170.7;149.6;257.5;1149;1997;75;138;1225.0;13384.28125
715;renault;thalia;clio 4 (2012 - 2019);clio 4 sport tourer;426.7;173.2;144.5;258.9;898;1149;73;90;1180.0;34774.46875
716;renault;thalia;clio 4 (2012 - 2019);clio 4 ph2 sport tourer;426.7;173.2;147.5;258.9;898;1197;73;118;1149.0;34774.46875
717;renault;thalia;clio 4 (2012 - 2019);clio 4;406.2;173.2;144.8;258.9;898;1618;73;220;1167.0;34774.46875
718;renault;thalia;clio 5 (2019 - present);clio 5 phase 2;405.3;179.8;144.0;258.3;999;1598;67;143;1227.5;61868.625
719;renault;trafic;trafic 3 (x82) phase 2 (2019 - 2021);trafic 3 phase 2 passenger;499.9;195.6;197.1;309.8;0;0;0;0;2108.5;84317.65625
720;renault;trafic;trafic 3 (x82) phase 2 (2019 - 2021);trafic 3 phase 2 grand passenger;539.9;195.6;197.1;349.8;0;0;0;0;2105.0;84317.65625
721;renault;trafic;trafic 3 (x82) phase 3 (2021 - present);trafic 3 phase 3 passenger l1h1;508.0;195.6;202.0;309.8;0;0;0;0;2019.5;84317.65625
722;renault;trafic;trafic 3 (x82) phase 3 (2021 - present);trafic 3 phase 3 grand passenger l2h1;548.0;195.6;202.0;349.8;0;0;0;0;2270.0;84317.65625
723;seat;altea;none;none;428.0;176.8;156.8;257.8;1197;1984;85;200;1403.0;14839.0
724;seat;altea-xl;none;none;447.0;177.0;158.0;258.0;1197;1984;85;160;1437.0;18920.0
725;seat;cordoba;cordoba 1 (6k) (1993 - 2002);cordoba 6k2;416.0;164.0;142.0;244.0;1391;1598;60;100;1092.5;5564.96875
726;seat;cordoba;cordoba 2 (6l) (2002 - 2009);cordoba ii;428.0;169.8;144.1;246.0;1198;1984;70;116;1139.5;5564.96875
727;seat;cordoba;cordoba sx coupe (1996 - 2002);cordoba sx;414.0;164.0;141.0;244.0;1595;1984;75;150;1052.5;5564.96875
728;seat;cordoba;cordoba sx coupe (1996 - 2002);cordoba coupe;416.0;164.0;142.0;244.0;1595;1781;100;156;1117.0;5564.96875
729;seat;ibiza;ibiza 1 (021a) (1984 - 1993);ibiza i;364.0;161.0;139.0;245.0;903;1675;44;101;899.5;24029.625
730;seat;ibiza;ibiza 2 (6k) (1993 - 2002);ibiza 6k2;388.0;164.0;142.0;244.0;999;1781;50;180;1044.0;24029.625
731;seat;ibiza;ibiza 2 (6k) (1993 - 2002);ibiza 6k;381.3;164.0;142.4;244.0;1000;1984;45;150;960.0;24029.625
732;seat;ibiza;ibiza 3 (6l) (2002 - 2008);ibiza 6l;395.3;169.8;144.1;246.0;1198;1984;69;180;1167.0;9181.1875
733;seat;ibiza;ibiza 4 (6j/6p) (2008 - 2017);ibiza st (6p);423.6;169.3;144.5;246.9;999;1395;75;150;1166.0;24029.625
734;seat;ibiza;ibiza 4 (6j/6p) (2008 - 2017);ibiza sc (6p);406.6;169.3;142.4;246.9;999;1798;75;192;1154.5;24029.625
735;seat;ibiza;ibiza 5 - 2022 update (2021 - present);ibiza 2022;405.9;178.0;142.9;256.4;999;999;80;110;1139.0;92598.86956521739
736;seat;leon;leon 1 (1999 - 2004);leon;418.0;174.0;146.0;251.0;1390;2791;75;225;1302.5;9938.21875
737;seat;leon;leon 2 (2005 - 2013);leon 2;431.5;176.8;145.8;257.8;1197;1984;85;265;1338.0;18851.5625
738;seat;leon;leon 3 (2013 - 2016);leon 3 sc;422.8;181.0;144.6;260.1;1197;1984;86;280;1281.5;57659.34375
739;seat;leon;leon 3 (2013 - 2016);leon 3;426.3;181.6;145.9;263.6;1197;1984;86;280;1304.5;57659.34375
740;seat;leon;leon 3 2017 (2016 - 2020);leon 3 st 2017;454.9;181.6;145.4;263.6;999;1984;110;300;1388.0;57659.34375
741;seat;leon;leon 3 2017 (2016 - 2020);leon 3 2017;428.2;181.6;145.9;263.6;999;1984;110;300;1316.0;57659.34375
742;seat;leon;leon 3 2017 (2016 - 2020);leon 3 2017;428.2;181.6;145.9;263.6;999;1984;110;300;1316.0;57659.34375
743;seat;leon;leon 4 (kl) (2020 - present);leon 4 sportstourer;464.2;179.9;144.8;268.6;999;1498;90;150;1493.5;83748.34375
744;seat;leon;leon 4 (kl) (2020 - present);leon 4;436.8;179.9;145.6;268.6;999;1498;90;150;1408.0;83748.34375
745;seat;tarraco;none;none;473.5;183.9;167.4;279.0;1498;1984;150;245;1742.0;137852.28125
746;seat;toledo;ii;1999;444.0;174.0;144.0;251.0;1595;2324;100;180;1221.5;6038.5625
747;skoda;superb;i;superb 2020 combi;486.2;186.4;149.6;284.1;1498;1498;150;150;1717.0;90131.15625
748;skoda;superb;superb 1 (2001 - 2008);superb;480.3;176.5;146.9;280.3;1781;2771;115;193;1463.5;13200.6875
749;skoda;superb;superb 3 facelift (2020 - present);superb 2020 combi;486.2;186.4;149.6;284.1;1498;1498;150;150;1717.0;90131.15625
750;skoda;superb;superb 3 facelift (2020 - present);superb 2020;486.9;186.4;148.8;284.1;1498;1498;150;150;1706.0;90131.15625
751;smart;forfour;forfour (w 453) (2014 - 2019);forfour (w453);349.5;166.5;155.4;249.4;898;999;61;109;997.5;17524.65625
752;smart;forfour;forfour (w 454) (2004 - 2006);forfour (w454);375.0;168.0;145.0;250.0;1124;1499;64;177;1015.0;17524.65625
753;smart;fortwo;450 city-coupă© / city-cabrio (1998 - 2002);city coupe;250.0;152.0;153.0;181.0;599;698;45;75;725.0;20647.78125
754;smart;fortwo;450 city-coupă© / city-cabrio (1998 - 2002);city cabrio;250.0;154.0;155.0;181.0;599;698;55;75;735.0;20647.78125
755;smart;fortwo;451 fortwo (2007 - 2015);fortwo cabrio (w451);270.0;156.0;154.0;187.0;999;999;71;84;795.0;20647.78125
756;smart;fortwo;453 fortwo (2014 - 2019);fortwo coupe (w453);269.5;166.3;155.5;187.3;898;999;61;109;1020.0;20647.78125
757;smart;fortwo;453 fortwo (2014 - 2019);fortwo cabrio (w453);269.5;166.3;155.5;187.3;898;999;71;109;1007.5;20647.78125
758;smart;roomster;none;none;343.0;162.0;119.0;236.0;698;698;82;100;831.0;16833.166666666668
759;ssangyong;korando;none;none;441.0;183.0;171.0;265.0;1998;1998;149;149;1614.5;85733.15625
760;ssangyong;tivoli-grand;none;none;420.2;179.8;159.0;260.0;1597;1597;126;128;1384.5;103917.35714285714
761;subaru;brz;none;none;424.0;177.5;128.5;257.0;1998;1998;200;200;1325.5;113971.07407407407
762;subaru;forester;i;1997;445.0;174.0;160.0;252.0;1994;1994;125;170;1312.5;8435.714285714286
763;subaru;impreza;gc;impreza (gd);446.5;174.0;144.0;252.5;1498;2457;95;280;1347.5;52630.2
764;subaru;impreza;gc;impreza ii sw;440.5;169.5;148.5;252.5;1498;2457;105;230;1397.5;46875.34375
765;subaru;impreza;gd;impreza (gd);446.5;174.0;144.0;252.5;1498;2457;95;280;1347.5;50026.53125
766;subaru;impreza;gd;impreza ii sw;440.5;169.5;148.5;252.5;1498;2457;105;230;1397.5;46875.34375
767;subaru;impreza;impreza (gc/gf) (1992 - 2000);impreza i sw;435.0;169.0;142.0;252.0;1597;1994;90;218;1202.5;52630.2
768;subaru;impreza;impreza (gc/gf) (1992 - 2000);impreza i;435.0;169.0;140.0;252.0;1597;1994;90;218;1120.0;52630.2
769;subaru;impreza;impreza (gd/gg) (2000 - 2007);impreza (gd);446.5;174.0;144.0;252.5;1498;2457;95;280;1347.5;46875.34375
770;subaru;impreza;impreza (gr) (2007 - 2011);impreza iii;441.5;174.0;147.0;262.0;1498;2457;107;301;1482.5;46875.34375
771;subaru;impreza;impreza 5 (2016 - present);impreza 5;446.0;177.5;148.0;267.0;1600;1999;114;155;1407.0;46875.34375
772;subaru;legacy;iv;2003;466.0;173.0;142.0;267.0;1994;3000;138;245;1407.5;17173.1875
773;subaru;outback;outback bh - 2000 new model (1999 - 2004);outback (bh);472.0;174.5;158.0;265.0;2457;3000;156;209;1642.5;12083.333333333334
774;subaru;outback;outback bp - 2004 new model (2003 - 2009);outback (bp);473.0;177.0;154.0;267.0;2457;3000;165;245;1492.5;73384.375
775;subaru;outback;outback br - 2010 new model (2009 - 2014);outback (br);477.5;182.0;160.5;274.5;2457;3630;167;260;1615.0;73384.375
776;subaru;outback;outback bt - 2020 new model (2019 - present);outback (bt);487.0;187.5;167.5;274.5;2498;2498;169;169;1878.5;73384.375
777;subaru;xv;none;none;445.0;178.0;157.0;263.5;1600;1995;114;150;1482.5;67307.78125
778;suzuki;alto;alto 7th gen (gf) (2009 - 2013);alto 7;350.0;160.0;147.0;236.0;997;997;68;68;942.5;13854.0
779;suzuki;ignis;none;none;362.0;160.0;154.0;236.0;1328;1490;83;109;900.0;35986.8125
780;suzuki;jimny;none;none;362.0;160.0;170.0;225.0;1298;1328;80;85;1057.5;51915.28125
781;suzuki;splash;none;none;371.5;168.0;159.0;236.0;997;1242;65;86;1105.0;17228.59375
782;suzuki;swace;none;none;465.5;179.0;146.0;270.0;1798;1798;122;122;1114.0;114638.5
783;suzuki;swift;iv;2004;376.0;169.0;150.0;238.0;1328;1586;92;125;1002.5;14496.5
784;toyota;auris;i;auris 2;427.5;176.0;146.0;260.0;1329;1798;99;136;1310.0;54659.0
785;toyota;auris;i;auris touring sports 2015;459.5;176.0;148.5;260.0;1197;1798;116;136;1345.0;45712.09375
786;toyota;auris;i;auris touring sports;456.0;176.0;147.5;260.0;1598;1798;132;136;1350.0;45712.09375
787;toyota;auris;i;auris 2 (2015 restyling);433.0;176.0;147.5;260.0;1197;1798;116;136;1282.5;45712.09375
788;toyota;avensis;i;avensis 2 sw;471.5;176.0;152.5;270.0;1794;2362;129;163;1465.0;12826.15625
789;toyota;avensis;i;avensis verso;469.0;176.0;168.0;282.0;1998;1998;150;150;1450.0;10400.0
790;toyota;avensis;ii;2003;464.5;176.0;148.0;270.0;1598;2362;110;163;1380.0;12826.15625
791;toyota;aygo;aygo (2005 - 2014);aygo;340.5;161.5;146.5;234.0;998;998;68;68;800;14565.59375
792;toyota;aygo;aygo 2 (2014 - 2021);aygo 2019;346.5;161.5;146.0;234.0;998;998;72;72;923.0;40765.5625
793;toyota;aygo;aygo x - 2022 new model (2022 - present);aygo x;370.0;174.0;151.0;243.0;998;998;72;72;800;67652.75
794;toyota;aygo-x;none;none;370.0;174.0;151.0;243.0;998;998;72;72;1000;67652.75
795;toyota;camry;camry 1 (1983 - 1986);camry i;444.0;169.0;140.0;260.0;1832;1832;90;90;1061.0;109291.75
796;toyota;camry;camry 2 (1986 - 1991);camry ii;450.0;171.0;140.0;260.0;1832;2507;90;160;1249.5;109291.75
797;toyota;camry;camry 3 (1991 - 1996);camry iii;473.0;177.0;140.0;262.0;2164;2959;136;188;1387.0;109291.75
798;toyota;camry;camry 5 (2001 - 2006);camry xv30;482.0;180.0;150.0;272.0;2362;2995;152;186;1420.0;109291.75
799;toyota;camry;camry 7 (2011 - present);camry xv50;480.6;182.1;147.1;277.5;2494;3456;171;268;1530.0;109291.75
800;toyota;celica;celica a40 (1977 - 1981);celica a40;437.0;164.0;132.0;250.0;1968;1968;90;123;1068.0;21696.78125
801;toyota;celica;celica t160 (1985 - 1989);celica t160;436.0;171.0;129.0;252.0;1587;1998;86;185;1233.5;21696.78125
802;toyota;celica;celica t180 (1989 - 1993);celica t180;443.0;174.0;130.0;252.0;1587;2164;105;204;1234.0;21696.78125
803;toyota;celica;celica t200 (1993 - 1999);celica t200;442.0;175.0;130.0;254.0;1762;1998;115;242;1245.0;21696.78125
804;toyota;celica;celica t230 (1999 - 2006);celica t230;434.0;174.0;132.0;260.0;1794;1796;143;192;1095.0;21696.78125
805;toyota;c-hr;c-hr (ax10 facelift) (2019 - 2023);c-hr 2020;439.0;179.5;155.5;264.0;1197;1987;116;184;1505.0;97158.4375
806;toyota;c-hr;c-hr (ax10) (2016 - 2019);c-hr;436.0;179.5;155.5;264.0;1197;1797;116;122;1472.0;97158.4375
807;toyota;corolla;corolla e210 (2018 - present);corolla e210 sedan;463.0;178.0;143.5;270.0;1798;1798;122;122;1069.0;95467.125
808;toyota;corolla;corolla e210 (2018 - present);corolla e210 hatchback;437.0;179.0;143.5;264.0;1197;1987;115;180;1370.0;95467.125
809;toyota;corolla-cross;none;none;446.0;182.5;162.0;264.0;1798;1987;140;196;1455.0;169970.78125
810;toyota;corolla-verso;none;none;436.0;177.0;166.0;275.0;1598;1794;110;135;1347.5;15888.8125
811;toyota;hilux;hilux 8 (2015 - present);hilux 8 single-cab;533.0;180.0;179.5;308.5;0;0;0;0;1825.0;138511.53125
812;toyota;hilux;hilux 8 (2015 - present);hilux 8 extra-cab;533.0;185.5;181.0;308.5;0;0;0;0;1927.5;138511.53125
813;toyota;land-cruiser;land cruiser j200 (2007 - present);land cruiser 200 j20;495.0;197.0;186.5;285.0;4664;4664;288;288;2672.5;118524.96875
814;toyota;land-cruiser;land cruiser j70 (1984 - present);land cruiser j70;436.0;169.0;195.0;260.0;2366;2366;110;110;1760.5;118524.96875
815;toyota;land-cruiser;land cruiser j80 (1990 - 1997);land cruiser v wagon;478.0;183.0;187.0;285.0;4477;4477;205;205;2209.5;110892.30769230769
816;toyota;land-cruiser;land cruiser j80 (1990 - 1997);land cruiser v;441.0;179.0;196.0;260.0;2366;2366;110;110;1763.0;110892.30769230769
817;toyota;land-cruiser;land cruiser j90 (1996 - 2002);land cruiser 90 wagon;473.0;173.0;186.0;268.0;3378;3378;178;178;1800.0;47607.78125
818;toyota;land-cruiser;land cruiser j90 (1996 - 2002);land cruiser 90;429.0;173.0;186.0;237.0;3378;3378;178;178;1705.0;47607.78125
819;toyota;prius;ii;2003;445.0;172.5;149.0;270.0;1497;1497;110;110;1317;25964.03125
820;toyota;proace;proace ii - 2017 new model (2016 - present);proace worker;530.9;192.0;191.0;292.5;0;0;0;0;1778.5;109194.84375
821;toyota;proace;proace ii - 2017 new model (2016 - present);proace city;440.3;184.8;179.6;278.5;1199;1199;110;130;1540.0;109194.84375
822;toyota;proace-city-verso;none;none;440.3;184.8;179.6;278.5;1199;1199;110;130;1540.0;117333.25
823;toyota;proace-verso;none;none;460.9;192.0;191.0;292.5;0;0;0;0;1909.5;168786.21875
824;toyota;rav4;rav4 xa10 (1994 - 2000);rav4 wagon i;412.0;170.0;166.0;241.0;1998;1998;128;129;1232.0;16723.9
825;toyota;rav4;rav4 xa10 (1994 - 2000);rav4 i;372.0;170.0;166.0;220.0;1998;1998;128;129;1167.5;16723.9
826;toyota;rav4;rav4 xa20 (2000 - 2005);rav4 ii wagon;420.0;174.0;169.0;249.0;1794;1998;125;150;1262.5;21337.4375
827;toyota;rav4;rav4 xa30 (2005 - 2012);rav4 iii;439.5;181.5;172.0;256.0;1987;1998;152;158;1575.0;35593.6875
828;toyota;rav4;rav4 xa40 (2013 - present);rav4 2016;460.5;184.5;167.5;266.0;1987;2494;151;197;1650.0;86140.59375
829;toyota;rav4;rav4 xa40 (2013 - present);rav4 (xa40);457.0;184.5;166.0;266.0;1987;1987;151;151;1640.0;86140.59375
830;toyota;tundra;none;none;372.0;168.0;164.0;220.0;1690;1690;80;81;1330.0;177058.65625
831;toyota;urban-cruiser;none;none;393.0;172.5;152.5;246.0;1329;1329;101;101;1255.0;24394.058823529413
832;toyota;verso;none;none;444.0;179.0;162.0;278.0;1598;1798;132;147;1592.5;34970.4375
833;toyota;yaris-cross;none;none;417.2;176.5;156.0;256.0;1490;1490;116;125;1252.0;109257.875
834;volkswagen;atlas;none;none;486.2;187.1;145.0;283.7;1498;1984;150;280;1675.0;116160.0
835;volkswagen;beetle;none;none;427.8;180.8;148.6;253.7;1197;1984;105;220;1359.5;45896.5
836;volkswagen;caddy;caddy 5 (2021 - present);caddy 5 cargo;450.0;185.5;185.6;275.5;1498;1498;114;114;1575.0;135495.5625
837;volkswagen;cc;none;none;479.9;185.5;141.7;271.1;1798;1984;160;200;1568.0;43087.4375
838;volkswagen;crafter;2nd gen. (type sy/sz) (2016 - present);crafter 2017;683.6;204.0;259.0;449.0;0;0;0;0;2416.0;146477.0
839;volkswagen;eos;none;none;440.7;179.1;144.3;257.8;1390;3598;116;260;1577.5;24773.0
840;volkswagen;garbus;none;none;427.8;180.8;148.6;253.7;1197;1984;105;220;1359.5;57240.46875
841;volkswagen;golf;ii;1983;398.5;166.5;141.5;247.5;1272;1781;55;160;955.0;15883.9375
842;volkswagen;golf-plus;i;2004;420.6;175.9;158.0;257.8;1197;1598;102;160;1403.5;20921.5625
843;volkswagen;jetta;jetta 1 (1979 - 1984);jetta 1;420.0;161.0;141.0;240.0;1272;1781;60;112;872.5;26893.65625
844;volkswagen;jetta;jetta 2 (1984 - 1992);jetta 2;431.5;166.5;141.5;247.5;1272;1781;55;129;990.0;11528.42857142857
845;volkswagen;jetta;jetta 4 / bora (1998 - 2005);bora variant / jetta variant;441.0;174.0;147.0;252.0;1781;2792;150;204;1393.0;6885.875
846;volkswagen;jetta;jetta 4 / bora (1998 - 2005);bora / jetta 4;438.0;174.0;145.0;251.0;1390;2792;75;204;1283.5;6885.875
847;volkswagen;jetta;jetta 6 (2010 - 2019);jetta 6 facelift;465.9;177.8;148.2;265.1;1197;1395;105;150;1386.5;26893.65625
848;volkswagen;jetta;jetta 6 (2010 - 2019);jetta 6;464.4;177.8;148.2;265.1;1197;1984;105;200;1373.0;26893.65625
849;volkswagen;lupo;none;none;353.0;162.0;146.0;232.0;999;1598;50;125;889.0;4835.4375
850;volkswagen;multivan;none;none;489.0;190.0;194.0;300.0;1984;3189;115;235;2191.5;139742.0
851;volkswagen;passat;b5;1996;468.0;174.0;146.0;270.0;1595;2771;100;193;1366.5;5696.09375
852;volkswagen;phaeton;none;none;505.5;190.3;145.0;288.1;3189;5998;241;450;2282.5;37306.09375
853;volkswagen;polo;iii;1994;372.0;166.0;142.0;240.0;999;1598;45;100;892.5;3845.1875
854;volkswagen;sharan;i;1995;461.7;181.0;173.0;283.5;1781;2792;116;174;1698.5;15844.53125
855;volkswagen;taigo;none;none;426.6;175.7;151.5;255.4;999;1598;95;150;1263.0;100703.40625
856;volkswagen;tiguan-allspace;none;none;470.1;183.9;167.4;278.7;1395;1984;150;220;1689.5;117304.4375
857;volkswagen;touareg;touareg 2 (2010 - 2017);touareg 2;479.5;194.0;170.9;289.3;2995;3598;280;379;2209.0;77843.71875
858;volkswagen;touareg;touareg 3 (2018 - present);touareg 3;487.8;198.4;171.7;290.4;2995;2995;340;340;2188.0;267478.5
859;volkswagen;t-roc;none;none;423.4;181.9;157.3;259.0;999;1984;110;300;1429.5;106298.28125
860;volkswagen;up!;up! (2011 - 2015);up!;354.0;164.1;147.8;242.0;999;999;60;75;980.0;28230.21875
861;volkswagen;up!;up! 2017 (2016 - present);up! 2017 5-doors;360.0;164.1;150.4;240.7;999;999;60;115;1090.0;28230.21875
862;volvo;c70;1st generation (1997 - 2005);c70 coupe;472.0;182.0;141.0;266.4;1984;2435;163;240;1466.0;32502.75
863;volvo;s40;1st generation (1995 - 2004);s40 i;448.0;172.0;141.0;255.0;1587;1948;105;200;1257.5;5972.222222222223
864;volvo;s40;i;s40 i;448.0;172.0;141.0;255.0;1587;1948;105;200;1257.5;14484.34375
865;volvo;s60;i;s60 ii restyling;463.5;186.5;148.4;277.6;1969;2953;190;367;1414;50163.71875
866;volvo;s60;i;s60 cross country;463.8;189.9;153.9;277.4;2497;2497;254;254;1414;113176.9375
867;volvo;s60;ii;2010;462.8;186.5;148.4;277.6;1999;2953;203;350;1480;50163.71875
868;volvo;s80;i;1998;484.9;183.2;145.2;279.1;1984;2922;140;272;1550.0;14824.916666666666
869;volvo;s90;none;none;487.0;175.0;141.0;277.1;2922;2922;180;204;1576.5;140094.8125
870;volvo;v40;i;v40 ii restyling;436.9;178.3;142.0;264.7;1498;1969;122;245;1484.5;49730.15625
871;volvo;v40;i;v40 cross country;437.0;178.3;145.8;264.6;1596;2497;179;254;1521.5;49136.36363636364
872;volvo;v40;i;v40 cross country restyling;437.0;178.3;145.8;264.6;1498;1969;152;245;1486.0;47208.28125
873;volvo;v60;1st generation (2010 - 2018);v60;462.8;186.5;148.4;277.6;1999;2953;203;305;1761.0;69141.53125
874;volvo;v60;2nd generation (2018 - present);v60 ii cross country;478.4;189.3;150.4;287.4;1969;1969;250;250;1900.0;113176.9375
875;volvo;v60;i;v60 ii cross country;478.4;189.3;150.4;287.4;1969;1969;250;250;1900.0;113176.9375
876;volvo;v60-cross-country;none;none;478.4;189.3;150.4;287.4;1969;1969;250;250;1900.0;113176.9375
877;volvo;v70;ii;1999;471.0;180.0;149.0;276.0;1984;2521;140;300;1578.0;15566.96875
878;volvo;v90;none;none;486.0;175.0;145.0;277.0;2922;2922;180;204;1608.0;114292.375
879;volvo;v90-cross-country;none;none;493.9;187.9;154.3;294.1;1969;1969;250;320;1956.0;191549.5625
880;volvo;xc-40;none;none;444.0;186.3;164.7;270.2;1477;1969;129;197;1898.5;119697.4375
881;volvo;xc-60;2nd generation - 2022 update (2021 - present);xc60 2022;468.8;190.2;165.8;286.5;1969;1969;197;250;2039.5;239754.96875
882;volvo;xc-70;none;none;473.3;186.0;156.2;276.3;2435;2521;200;210;1665.5;49395.625
